Family,Species Protein,UniProt ID,Prospective Pattern,Analyzed Direction,WebLogo Path,Top Candidates,Matrix Path,Histogram Path,Bootstrap Path,Note,Analysis Note
CRP,Nostoc_sp__PCC_7120,P0A4U6,IR,Direct,OUTPUT_REPORT/images/P0A4U6_Nostoc_sp__PCC_7120_weblogo.png,"               coords  length     score group1 group2  p_value
0  [(11, 1), (12, 2)]       2  1.893209     TA     TA    0.024",OUTPUT_REPORT/images/P0A4U6_Nostoc_sp__PCC_7120_direct_matrix.png,OUTPUT_REPORT/images/P0A4U6_Nostoc_sp__PCC_7120_direct_histogram.png,OUTPUT_REPORT/images/P0A4U6_Nostoc_sp__PCC_7120_direct_boot.png,,
CRP,Nostoc_sp__PCC_7120,P0A4U6,IR,Reverse,OUTPUT_REPORT/images/P0A4U6_Nostoc_sp__PCC_7120_weblogo.png,"                        coords  length     score group1 group2  p_value
0  [(11, 2), (12, 1), (13, 0)]       3  4.158511    TAC    ATG   0.0004",OUTPUT_REPORT/images/P0A4U6_Nostoc_sp__PCC_7120_reverse_matrix.png,OUTPUT_REPORT/images/P0A4U6_Nostoc_sp__PCC_7120_reverse_histogram.png,OUTPUT_REPORT/images/P0A4U6_Nostoc_sp__PCC_7120_reverse_boot.png,,
CRP,Escherichia_coli_str__K-12_substr__MG1655,P0A9E5,IR,Direct,OUTPUT_REPORT/images/P0A9E5_Escherichia_coli_str__K-12_substr__MG1655_weblogo.png,"               coords  length     score group1 group2  p_value
0    [(5, 4), (6, 5)]       2  2.079899     TG     TT   0.9014
1  [(13, 7), (14, 8)]       2  2.374821     AT     AG   0.8144",OUTPUT_REPORT/images/P0A9E5_Escherichia_coli_str__K-12_substr__MG1655_direct_matrix.png,OUTPUT_REPORT/images/P0A9E5_Escherichia_coli_str__K-12_substr__MG1655_direct_histogram.png,OUTPUT_REPORT/images/P0A9E5_Escherichia_coli_str__K-12_substr__MG1655_direct_boot.png,,"[Escherichia_coli_str__K-12_substr__MG1655]: No diagonal candidates were possible at the selected 80% threshold for CollecTF_FASTA/FNR_CRP/Escherichia_coli_str__K-12_substr__MG1655/TF_FNR_P0A9E5.fas, automatically reduced to 75%, at value 0.8112781208514317."
CRP,Escherichia_coli_str__K-12_substr__MG1655,P0A9E5,IR,Reverse,OUTPUT_REPORT/images/P0A9E5_Escherichia_coli_str__K-12_substr__MG1655_weblogo.png,"               coords  length     score group1 group2  p_value
0  [(16, 5), (17, 4)]       2  2.656481     AA     TT    0.386",OUTPUT_REPORT/images/P0A9E5_Escherichia_coli_str__K-12_substr__MG1655_reverse_matrix.png,OUTPUT_REPORT/images/P0A9E5_Escherichia_coli_str__K-12_substr__MG1655_reverse_histogram.png,OUTPUT_REPORT/images/P0A9E5_Escherichia_coli_str__K-12_substr__MG1655_reverse_boot.png,,
CRP,Escherichia_coli_str__K-12_substr__MG1655,P0ACJ8,IR,Direct,OUTPUT_REPORT/images/P0ACJ8_Escherichia_coli_str__K-12_substr__MG1655_weblogo.png,"                 coords  length     score group1 group2  p_value
0      [(5, 3), (6, 4)]       2  2.003151     TG     TG   0.2862
1  [(17, 15), (18, 16)]       2  2.451706     CA     CA   0.1650",OUTPUT_REPORT/images/P0ACJ8_Escherichia_coli_str__K-12_substr__MG1655_direct_matrix.png,OUTPUT_REPORT/images/P0ACJ8_Escherichia_coli_str__K-12_substr__MG1655_direct_histogram.png,OUTPUT_REPORT/images/P0ACJ8_Escherichia_coli_str__K-12_substr__MG1655_direct_boot.png,,
CRP,Escherichia_coli_str__K-12_substr__MG1655,P0ACJ8,IR,Reverse,OUTPUT_REPORT/images/P0ACJ8_Escherichia_coli_str__K-12_substr__MG1655_weblogo.png,"                                 coords  length     score group1 group2  \
0  [(14, 7), (15, 6), (16, 5), (17, 4)]       4  5.646653   TCAC   AGTG   
1                    [(15, 4), (16, 3)]       2  2.642171     CA     GT   
2                    [(17, 6), (18, 5)]       2  1.941252     CA     GT   

   p_value  
0   0.0000  
1   0.1776  
2   0.5414  ",OUTPUT_REPORT/images/P0ACJ8_Escherichia_coli_str__K-12_substr__MG1655_reverse_matrix.png,OUTPUT_REPORT/images/P0ACJ8_Escherichia_coli_str__K-12_substr__MG1655_reverse_histogram.png,OUTPUT_REPORT/images/P0ACJ8_Escherichia_coli_str__K-12_substr__MG1655_reverse_boot.png,,
CRP,Synechocystis_sp__PCC_6803,P74171,IR,Direct,OUTPUT_REPORT/images/P74171_Synechocystis_sp__PCC_6803_weblogo.png,"                                coords  length     score group1 group2  \
0  [(9, 3), (10, 4), (11, 5), (12, 6)]       4  5.477309   GATC   GATC   
1                     [(2, 0), (3, 1)]       2  3.159103     TG     TG   
2                 [(14, 12), (15, 13)]       2  4.000000     CA     CA   

   p_value  
0   0.0608  
1   0.9442  
2   0.5798  ",OUTPUT_REPORT/images/P74171_Synechocystis_sp__PCC_6803_direct_matrix.png,OUTPUT_REPORT/images/P74171_Synechocystis_sp__PCC_6803_direct_histogram.png,OUTPUT_REPORT/images/P74171_Synechocystis_sp__PCC_6803_direct_boot.png,,
CRP,Synechocystis_sp__PCC_6803,P74171,IR,Reverse,OUTPUT_REPORT/images/P74171_Synechocystis_sp__PCC_6803_weblogo.png,"                                 coords  length  score group1 group2  p_value
0  [(11, 4), (12, 3), (13, 2), (14, 1)]       4    8.0   TCAC   AGTG   0.0010
1                    [(14, 3), (15, 2)]       2    4.0     CA     GT   0.5506",OUTPUT_REPORT/images/P74171_Synechocystis_sp__PCC_6803_reverse_matrix.png,OUTPUT_REPORT/images/P74171_Synechocystis_sp__PCC_6803_reverse_histogram.png,OUTPUT_REPORT/images/P74171_Synechocystis_sp__PCC_6803_reverse_boot.png,,
CRP,Xanthomonas_campestris_pv__campestris_str__8004,Q4UZF6,IR,Direct,OUTPUT_REPORT/images/Q4UZF6_Xanthomonas_campestris_pv__campestris_str__8004_weblogo.png,"                                     coords  length  score group1 group2  \
0  [(17, 12), (18, 13), (19, 14), (20, 15)]       4    8.0   CACC   CACC   
1               [(15, 7), (16, 8), (17, 9)]       3    6.0    CGC    CGC   
2                          [(7, 2), (8, 3)]       2    4.0     CG     CG   
3                          [(8, 6), (9, 7)]       2    4.0     GC     GC   
4                        [(13, 1), (14, 2)]       2    4.0     AC     AC   
5                        [(15, 2), (16, 3)]       2    4.0     CG     CG   
6                        [(16, 6), (17, 7)]       2    4.0     GC     GC   
7                        [(18, 1), (19, 2)]       2    4.0     AC     AC   
8                      [(20, 14), (21, 15)]       2    4.0     CC     CC   
9                      [(20, 19), (21, 20)]       2    4.0     CC     CC   

   p_value  
0   0.5122  
1   0.9878  
2   1.0000  
3   1.0000  
4   1.0000  
5   1.0000  
6   1.0000  
7   1.0000  
8   1.0000  
9   1.0000  ",OUTPUT_REPORT/images/Q4UZF6_Xanthomonas_campestris_pv__campestris_str__8004_direct_matrix.png,OUTPUT_REPORT/images/Q4UZF6_Xanthomonas_campestris_pv__campestris_str__8004_direct_histogram.png,OUTPUT_REPORT/images/Q4UZF6_Xanthomonas_campestris_pv__campestris_str__8004_direct_boot.png,,
CRP,Xanthomonas_campestris_pv__campestris_str__8004,Q4UZF6,IR,Reverse,OUTPUT_REPORT/images/Q4UZF6_Xanthomonas_campestris_pv__campestris_str__8004_weblogo.png,"                                              coords  length  score  group1  \
0  [(15, 8), (16, 7), (17, 6), (18, 5), (19, 4), ...       6   12.0  CGCACC   
1      [(12, 6), (13, 5), (14, 4), (15, 3), (16, 2)]       5   10.0   CACCG   
2                                   [(4, 2), (5, 1)]       2    4.0      GT   
3                                   [(7, 3), (8, 2)]       2    4.0      CG   
4                                   [(8, 7), (9, 6)]       2    4.0      GC   
5                                 [(10, 1), (11, 0)]       2    4.0      TT   
6                                 [(16, 9), (17, 8)]       2    4.0      GC   
7                                 [(20, 4), (21, 3)]       2    4.0      CC   

   group2  p_value  
0  GCGTGG   0.0122  
1   GTGGC   0.0824  
2      CA   1.0000  
3      GC   1.0000  
4      CG   1.0000  
5      AA   1.0000  
6      CG   1.0000  
7      GG   1.0000  ",OUTPUT_REPORT/images/Q4UZF6_Xanthomonas_campestris_pv__campestris_str__8004_reverse_matrix.png,OUTPUT_REPORT/images/Q4UZF6_Xanthomonas_campestris_pv__campestris_str__8004_reverse_histogram.png,OUTPUT_REPORT/images/Q4UZF6_Xanthomonas_campestris_pv__campestris_str__8004_reverse_boot.png,,
CRP,Xanthomonas_campestris_pv__campestris_str__ATCC_33913,Q4UZF6,IR,Direct,OUTPUT_REPORT/images/Q4UZF6_Xanthomonas_campestris_pv__campestris_str__ATCC_33913_weblogo.png,"             coords  length     score group1 group2  p_value
0  [(5, 3), (6, 4)]       2  3.062209     TG     TG   0.0182",OUTPUT_REPORT/images/Q4UZF6_Xanthomonas_campestris_pv__campestris_str__ATCC_33913_direct_matrix.png,OUTPUT_REPORT/images/Q4UZF6_Xanthomonas_campestris_pv__campestris_str__ATCC_33913_direct_histogram.png,OUTPUT_REPORT/images/Q4UZF6_Xanthomonas_campestris_pv__campestris_str__ATCC_33913_direct_boot.png,,
CRP,Xanthomonas_campestris_pv__campestris_str__ATCC_33913,Q4UZF6,IR,Reverse,OUTPUT_REPORT/images/Q4UZF6_Xanthomonas_campestris_pv__campestris_str__ATCC_33913_weblogo.png,"                        coords  length     score group1 group2  p_value
0  [(15, 6), (16, 5), (17, 4)]       3  4.177381    CAC    GTG   0.0006
1           [(15, 4), (16, 3)]       2  2.178721     CA     GT   0.2280",OUTPUT_REPORT/images/Q4UZF6_Xanthomonas_campestris_pv__campestris_str__ATCC_33913_reverse_matrix.png,OUTPUT_REPORT/images/Q4UZF6_Xanthomonas_campestris_pv__campestris_str__ATCC_33913_reverse_histogram.png,OUTPUT_REPORT/images/Q4UZF6_Xanthomonas_campestris_pv__campestris_str__ATCC_33913_reverse_boot.png,,
CRP,Corynebacterium_glutamicum_ATCC_13032,Q79VI7,IR,Direct,OUTPUT_REPORT/images/Q79VI7_Corynebacterium_glutamicum_ATCC_13032_weblogo.png,"                 coords  length     score group1 group2  p_value
0  [(16, 12), (17, 13)]       2  2.318206     TC     TC   0.8472
1  [(19, 17), (20, 18)]       2  2.318206     CA     CA   0.8472",OUTPUT_REPORT/images/Q79VI7_Corynebacterium_glutamicum_ATCC_13032_direct_matrix.png,OUTPUT_REPORT/images/Q79VI7_Corynebacterium_glutamicum_ATCC_13032_direct_histogram.png,OUTPUT_REPORT/images/Q79VI7_Corynebacterium_glutamicum_ATCC_13032_direct_boot.png,,
CRP,Corynebacterium_glutamicum_ATCC_13032,Q79VI7,IR,Reverse,OUTPUT_REPORT/images/Q79VI7_Corynebacterium_glutamicum_ATCC_13032_weblogo.png,"                        coords  length     score group1 group2  p_value
0  [(16, 3), (17, 2), (18, 1)]       3  4.240807    TCA    AGT   0.0990
1            [(9, 7), (10, 6)]       2  2.318206     AC     TG   0.8774
2           [(12, 3), (13, 2)]       2  2.318206     TC     AG   0.8774
3           [(17, 6), (18, 5)]       2  3.159103     CA     GT   0.5028
4           [(18, 7), (19, 6)]       2  3.159103     AC     TG   0.5028",OUTPUT_REPORT/images/Q79VI7_Corynebacterium_glutamicum_ATCC_13032_reverse_matrix.png,OUTPUT_REPORT/images/Q79VI7_Corynebacterium_glutamicum_ATCC_13032_reverse_histogram.png,OUTPUT_REPORT/images/Q79VI7_Corynebacterium_glutamicum_ATCC_13032_reverse_boot.png,,
CRP,Corynebacterium_glutamicum_R,Q79VI7,IR,Direct,OUTPUT_REPORT/images/Q79VI7_Corynebacterium_glutamicum_R_weblogo.png,"                 coords  length     score group1 group2  p_value
0      [(2, 0), (3, 1)]       2  2.088883     TG     TG   0.0804
1  [(14, 12), (15, 13)]       2  2.148907     CA     CA   0.0354",OUTPUT_REPORT/images/Q79VI7_Corynebacterium_glutamicum_R_direct_matrix.png,OUTPUT_REPORT/images/Q79VI7_Corynebacterium_glutamicum_R_direct_histogram.png,OUTPUT_REPORT/images/Q79VI7_Corynebacterium_glutamicum_R_direct_boot.png,,
CRP,Corynebacterium_glutamicum_R,Q79VI7,IR,Reverse,OUTPUT_REPORT/images/Q79VI7_Corynebacterium_glutamicum_R_weblogo.png,"                        coords  length     score group1 group2  p_value
0  [(12, 3), (13, 2), (14, 1)]       3  4.322657    CAC    GTG   0.0006
1           [(12, 1), (13, 0)]       2  2.141754     CA     GT   0.1590
2           [(14, 3), (15, 2)]       2  2.104282     CA     GT   0.1748",OUTPUT_REPORT/images/Q79VI7_Corynebacterium_glutamicum_R_reverse_matrix.png,OUTPUT_REPORT/images/Q79VI7_Corynebacterium_glutamicum_R_reverse_histogram.png,OUTPUT_REPORT/images/Q79VI7_Corynebacterium_glutamicum_R_reverse_boot.png,,
CRP,Yersinia_pestis_CO92,Q7CFV3,IR,Direct,OUTPUT_REPORT/images/Q7CFV3_Yersinia_pestis_CO92_weblogo.png,"             coords  length     score group1 group2  p_value
0  [(6, 4), (7, 5)]       2  2.579912     TG     TG   0.0872",OUTPUT_REPORT/images/Q7CFV3_Yersinia_pestis_CO92_direct_matrix.png,OUTPUT_REPORT/images/Q7CFV3_Yersinia_pestis_CO92_direct_histogram.png,OUTPUT_REPORT/images/Q7CFV3_Yersinia_pestis_CO92_direct_boot.png,,
CRP,Yersinia_pestis_CO92,Q7CFV3,IR,Reverse,OUTPUT_REPORT/images/Q7CFV3_Yersinia_pestis_CO92_weblogo.png,"                                 coords  length     score group1 group2  \
0  [(15, 8), (16, 7), (17, 6), (18, 5)]       4  5.635423   TCAC   AGTG   
1                    [(16, 5), (17, 4)]       2  2.338808     CA     GT   

   p_value  
0   0.0000  
1   0.3522  ",OUTPUT_REPORT/images/Q7CFV3_Yersinia_pestis_CO92_reverse_matrix.png,OUTPUT_REPORT/images/Q7CFV3_Yersinia_pestis_CO92_reverse_histogram.png,OUTPUT_REPORT/images/Q7CFV3_Yersinia_pestis_CO92_reverse_boot.png,,
CRP,Yersinia_pestis_biovar_Microtus_str__91001,Q7CFV3,IR,Direct,OUTPUT_REPORT/images/Q7CFV3_Yersinia_pestis_biovar_Microtus_str__91001_weblogo.png,"                            coords  length  score group1 group2  p_value
0   [(16, 12), (17, 13), (18, 14)]       3    6.0    GAT    GAT   0.9962
1     [(22, 8), (23, 9), (24, 10)]       3    6.0    GTT    GTT   0.9962
2      [(29, 1), (30, 2), (31, 3)]       3    6.0    GCA    GCA   0.9962
3                 [(5, 0), (6, 1)]       2    4.0     GG     GG   1.0000
4                 [(8, 6), (9, 7)]       2    4.0     GT     GT   1.0000
5               [(11, 4), (12, 5)]       2    4.0     AG     AG   1.0000
6              [(14, 9), (15, 10)]       2    4.0     TT     TT   1.0000
7               [(15, 7), (16, 8)]       2    4.0     TG     TG   1.0000
8               [(19, 2), (20, 3)]       2    4.0     CA     CA   1.0000
9               [(22, 6), (23, 7)]       2    4.0     GT     GT   1.0000
10            [(23, 14), (24, 15)]       2    4.0     TT     TT   1.0000
11             [(24, 9), (25, 10)]       2    4.0     TT     TT   1.0000
12            [(24, 14), (25, 15)]       2    4.0     TT     TT   1.0000
13            [(24, 23), (25, 24)]       2    4.0     TT     TT   1.0000
14            [(25, 18), (26, 19)]       2    4.0     TC     TC   1.0000
15              [(27, 2), (28, 3)]       2    4.0     CA     CA   1.0000
16            [(27, 19), (28, 20)]       2    4.0     CA     CA   1.0000
17              [(28, 4), (29, 5)]       2    4.0     AG     AG   1.0000
18            [(28, 11), (29, 12)]       2    4.0     AG     AG   1.0000
19            [(30, 19), (31, 20)]       2    4.0     CA     CA   1.0000
20            [(30, 27), (31, 28)]       2    4.0     CA     CA   1.0000",OUTPUT_REPORT/images/Q7CFV3_Yersinia_pestis_biovar_Microtus_str__91001_direct_matrix.png,OUTPUT_REPORT/images/Q7CFV3_Yersinia_pestis_biovar_Microtus_str__91001_direct_histogram.png,OUTPUT_REPORT/images/Q7CFV3_Yersinia_pestis_biovar_Microtus_str__91001_direct_boot.png,,
CRP,Yersinia_pestis_biovar_Microtus_str__91001,Q7CFV3,IR,Reverse,OUTPUT_REPORT/images/Q7CFV3_Yersinia_pestis_biovar_Microtus_str__91001_weblogo.png,"                            coords  length  score group1 group2  p_value
0      [(14, 4), (15, 3), (16, 2)]       3    6.0    TTG    AAC    0.995
1   [(17, 14), (18, 13), (19, 12)]       3    6.0    ATC    TAG    0.995
2   [(18, 17), (19, 16), (20, 15)]       3    6.0    TCA    AGT    0.995
3      [(19, 8), (20, 7), (21, 6)]       3    6.0    CAC    GTG    0.995
4                 [(7, 3), (8, 2)]       2    4.0     TG     AC    1.000
5                [(9, 4), (10, 3)]       2    4.0     TT     AA    1.000
6               [(20, 9), (21, 8)]       2    4.0     AC     TG    1.000
7             [(22, 21), (23, 20)]       2    4.0     GT     CA    1.000
8               [(23, 4), (24, 3)]       2    4.0     TT     AA    1.000
9               [(24, 4), (25, 3)]       2    4.0     TT     AA    1.000
10            [(25, 13), (26, 12)]       2    4.0     TC     AG    1.000
11            [(25, 17), (26, 16)]       2    4.0     TC     AG    1.000
12              [(26, 1), (27, 0)]       2    4.0     CC     GG    1.000
13              [(26, 6), (27, 5)]       2    4.0     CC     GG    1.000
14              [(27, 8), (28, 7)]       2    4.0     CA     GT    1.000
15            [(27, 16), (28, 15)]       2    4.0     CA     GT    1.000
16              [(29, 2), (30, 1)]       2    4.0     GC     CG    1.000
17              [(30, 8), (31, 7)]       2    4.0     CA     GT    1.000
18            [(30, 16), (31, 15)]       2    4.0     CA     GT    1.000",OUTPUT_REPORT/images/Q7CFV3_Yersinia_pestis_biovar_Microtus_str__91001_reverse_matrix.png,OUTPUT_REPORT/images/Q7CFV3_Yersinia_pestis_biovar_Microtus_str__91001_reverse_histogram.png,OUTPUT_REPORT/images/Q7CFV3_Yersinia_pestis_biovar_Microtus_str__91001_reverse_boot.png,,
CRP,Vibrio_vulnificus_CMCP6,Q7M7I9,IR,Direct,OUTPUT_REPORT/images/Q7M7I9_Vibrio_vulnificus_CMCP6_weblogo.png,"                 coords  length  score group1 group2  p_value
0      [(5, 3), (6, 4)]       2    4.0     GC     GC      1.0
1     [(9, 8), (10, 9)]       2    4.0     AA     AA      1.0
2    [(12, 7), (13, 8)]       2    4.0     CA     CA      1.0
3    [(14, 7), (15, 8)]       2    4.0     CA     CA      1.0
4  [(14, 12), (15, 13)]       2    4.0     CA     CA      1.0
5    [(15, 0), (16, 1)]       2    4.0     AG     AG      1.0",OUTPUT_REPORT/images/Q7M7I9_Vibrio_vulnificus_CMCP6_direct_matrix.png,OUTPUT_REPORT/images/Q7M7I9_Vibrio_vulnificus_CMCP6_direct_histogram.png,OUTPUT_REPORT/images/Q7M7I9_Vibrio_vulnificus_CMCP6_direct_boot.png,,
CRP,Vibrio_vulnificus_CMCP6,Q7M7I9,IR,Reverse,OUTPUT_REPORT/images/Q7M7I9_Vibrio_vulnificus_CMCP6_weblogo.png,"                        coords  length  score group1 group2  p_value
0  [(12, 3), (13, 2), (14, 1)]       3    6.0    CAC    GTG   0.5716
1             [(5, 4), (6, 3)]       2    4.0     GC     CG   0.9990
2             [(7, 3), (8, 2)]       2    4.0     CA     GT   0.9990
3           [(14, 3), (15, 2)]       2    4.0     CA     GT   0.9990
4         [(16, 12), (17, 11)]       2    4.0     GA     CT   0.9990",OUTPUT_REPORT/images/Q7M7I9_Vibrio_vulnificus_CMCP6_reverse_matrix.png,OUTPUT_REPORT/images/Q7M7I9_Vibrio_vulnificus_CMCP6_reverse_histogram.png,OUTPUT_REPORT/images/Q7M7I9_Vibrio_vulnificus_CMCP6_reverse_boot.png,,
CRP,Vibrio_vulnificus_MO6-24_O,Q7M7I9,IR,Direct,OUTPUT_REPORT/images/Q7M7I9_Vibrio_vulnificus_MO6-24_O_weblogo.png,"                        coords  length  score group1 group2  p_value
0  [(10, 6), (11, 7), (12, 8)]       3    6.0    ATC    ATC   0.5984
1  [(13, 7), (14, 8), (15, 9)]       3    6.0    TCA    TCA   0.5984
2         [(13, 11), (14, 12)]       2    4.0     TC     TC   1.0000",OUTPUT_REPORT/images/Q7M7I9_Vibrio_vulnificus_MO6-24_O_direct_matrix.png,OUTPUT_REPORT/images/Q7M7I9_Vibrio_vulnificus_MO6-24_O_direct_histogram.png,OUTPUT_REPORT/images/Q7M7I9_Vibrio_vulnificus_MO6-24_O_direct_boot.png,,
CRP,Vibrio_vulnificus_MO6-24_O,Q7M7I9,IR,Reverse,OUTPUT_REPORT/images/Q7M7I9_Vibrio_vulnificus_MO6-24_O_weblogo.png,"               coords  length  score group1 group2  p_value
0   [(9, 5), (10, 4)]       2    4.0     AA     TT      1.0
1  [(10, 7), (11, 6)]       2    4.0     AT     TA      1.0
2  [(12, 1), (13, 0)]       2    4.0     CT     GA      1.0",OUTPUT_REPORT/images/Q7M7I9_Vibrio_vulnificus_MO6-24_O_reverse_matrix.png,OUTPUT_REPORT/images/Q7M7I9_Vibrio_vulnificus_MO6-24_O_reverse_histogram.png,OUTPUT_REPORT/images/Q7M7I9_Vibrio_vulnificus_MO6-24_O_reverse_boot.png,,
CRP,Vibrio_vulnificus_YJ016,Q7M7I9,IR,Direct,OUTPUT_REPORT/images/Q7M7I9_Vibrio_vulnificus_YJ016_weblogo.png,"                     coords  length     score group1 group2  p_value
0  [(2, 1), (3, 2), (4, 3)]       3  1.587351    AAA    TAA   0.1840
1          [(3, 1), (4, 2)]       2  1.022729     AA     TA   0.8844
2      [(19, 17), (20, 18)]       2  1.194899     CA     CA   0.7150",OUTPUT_REPORT/images/Q7M7I9_Vibrio_vulnificus_YJ016_direct_matrix.png,OUTPUT_REPORT/images/Q7M7I9_Vibrio_vulnificus_YJ016_direct_histogram.png,OUTPUT_REPORT/images/Q7M7I9_Vibrio_vulnificus_YJ016_direct_boot.png,,
CRP,Vibrio_vulnificus_YJ016,Q7M7I9,IR,Reverse,OUTPUT_REPORT/images/Q7M7I9_Vibrio_vulnificus_YJ016_weblogo.png,"               coords  length     score group1 group2  p_value
0  [(10, 9), (11, 8)]       2  1.315406     TC     AG   0.5544
1  [(16, 9), (17, 8)]       2  1.232847     TC     AG   0.6604",OUTPUT_REPORT/images/Q7M7I9_Vibrio_vulnificus_YJ016_reverse_matrix.png,OUTPUT_REPORT/images/Q7M7I9_Vibrio_vulnificus_YJ016_reverse_histogram.png,OUTPUT_REPORT/images/Q7M7I9_Vibrio_vulnificus_YJ016_reverse_boot.png,,
CRP,Pseudomonas_putida_KT2440,Q88F34,IR,Direct,OUTPUT_REPORT/images/Q88F34_Pseudomonas_putida_KT2440_weblogo.png,"               coords  length     score group1 group2  p_value
0  [(10, 4), (11, 5)]       2  2.845946     TC     TC    0.659",OUTPUT_REPORT/images/Q88F34_Pseudomonas_putida_KT2440_direct_matrix.png,OUTPUT_REPORT/images/Q88F34_Pseudomonas_putida_KT2440_direct_histogram.png,OUTPUT_REPORT/images/Q88F34_Pseudomonas_putida_KT2440_direct_boot.png,,
CRP,Pseudomonas_putida_KT2440,Q88F34,IR,Reverse,OUTPUT_REPORT/images/Q88F34_Pseudomonas_putida_KT2440_weblogo.png,"                                 coords  length     score group1 group2  \
0  [(10, 3), (11, 2), (12, 1), (13, 0)]       4  6.845946   TCAA   AGTT   

   p_value  
0   0.0016  ",OUTPUT_REPORT/images/Q88F34_Pseudomonas_putida_KT2440_reverse_matrix.png,OUTPUT_REPORT/images/Q88F34_Pseudomonas_putida_KT2440_reverse_histogram.png,OUTPUT_REPORT/images/Q88F34_Pseudomonas_putida_KT2440_reverse_boot.png,,
CRP,Vibrio_cholerae_O1_biovar_El_Tor_str__N16961,Q9KNW6,IR,Direct,OUTPUT_REPORT/images/Q9KNW6_Vibrio_cholerae_O1_biovar_El_Tor_str__N16961_weblogo.png,"               coords  length    score group1 group2  p_value
0  [(20, 0), (21, 1)]       2  2.18261     TA     AA   0.7364",OUTPUT_REPORT/images/Q9KNW6_Vibrio_cholerae_O1_biovar_El_Tor_str__N16961_direct_matrix.png,OUTPUT_REPORT/images/Q9KNW6_Vibrio_cholerae_O1_biovar_El_Tor_str__N16961_direct_histogram.png,OUTPUT_REPORT/images/Q9KNW6_Vibrio_cholerae_O1_biovar_El_Tor_str__N16961_direct_boot.png,,"[Vibrio_cholerae_O1_biovar_El_Tor_str__N16961]: No diagonal candidates were possible at the selected 80% threshold for CollecTF_FASTA/FNR_CRP/Vibrio_cholerae_O1_biovar_El_Tor_str__N16961/TF_CRP_Q9KNW6.fas, automatically reduced to 75%, at value 0.8432203469336317."
CRP,Vibrio_cholerae_O1_biovar_El_Tor_str__N16961,Q9KNW6,IR,Reverse,OUTPUT_REPORT/images/Q9KNW6_Vibrio_cholerae_O1_biovar_El_Tor_str__N16961_weblogo.png,"               coords  length  score group1 group2  p_value
0  [(14, 7), (15, 6)]       2    4.0     TC     AG   0.0352",OUTPUT_REPORT/images/Q9KNW6_Vibrio_cholerae_O1_biovar_El_Tor_str__N16961_reverse_matrix.png,OUTPUT_REPORT/images/Q9KNW6_Vibrio_cholerae_O1_biovar_El_Tor_str__N16961_reverse_histogram.png,OUTPUT_REPORT/images/Q9KNW6_Vibrio_cholerae_O1_biovar_El_Tor_str__N16961_reverse_boot.png,,
LexA,Corynebacterium_glutamicum_ATCC_13032,A0A072Z841,IR,Direct,OUTPUT_REPORT/images/A0A072Z841_Corynebacterium_glutamicum_ATCC_13032_weblogo.png,"                                 coords  length    score group1 group2  \
0  [(12, 0), (13, 1), (14, 2), (15, 3)]       4  2.97738   TCGA   TCGA   

   p_value  
0   0.0228  ",OUTPUT_REPORT/images/A0A072Z841_Corynebacterium_glutamicum_ATCC_13032_direct_matrix.png,OUTPUT_REPORT/images/A0A072Z841_Corynebacterium_glutamicum_ATCC_13032_direct_histogram.png,OUTPUT_REPORT/images/A0A072Z841_Corynebacterium_glutamicum_ATCC_13032_direct_boot.png,,
LexA,Corynebacterium_glutamicum_ATCC_13032,A0A072Z841,IR,Reverse,OUTPUT_REPORT/images/A0A072Z841_Corynebacterium_glutamicum_ATCC_13032_weblogo.png,"                        coords  length     score group1 group2  p_value
0  [(11, 4), (12, 3), (13, 2)]       3  3.087044    TTC    AAG   0.0332
1             [(2, 1), (3, 0)]       2  1.716217     GA     CT   0.8104",OUTPUT_REPORT/images/A0A072Z841_Corynebacterium_glutamicum_ATCC_13032_reverse_matrix.png,OUTPUT_REPORT/images/A0A072Z841_Corynebacterium_glutamicum_ATCC_13032_reverse_histogram.png,OUTPUT_REPORT/images/A0A072Z841_Corynebacterium_glutamicum_ATCC_13032_reverse_boot.png,,
LexA,Magnetococcus_marinus_MC-1,A0L9E2,IR,Direct,OUTPUT_REPORT/images/A0L9E2_Magnetococcus_marinus_MC-1_weblogo.png,"               coords  length  score group1 group2  p_value
0  [(11, 5), (12, 6)]       2    4.0     AT     AT   0.6896",OUTPUT_REPORT/images/A0L9E2_Magnetococcus_marinus_MC-1_direct_matrix.png,OUTPUT_REPORT/images/A0L9E2_Magnetococcus_marinus_MC-1_direct_histogram.png,OUTPUT_REPORT/images/A0L9E2_Magnetococcus_marinus_MC-1_direct_boot.png,(2 seq),
LexA,Magnetococcus_marinus_MC-1,A0L9E2,IR,Reverse,OUTPUT_REPORT/images/A0L9E2_Magnetococcus_marinus_MC-1_weblogo.png,"                                 coords  length  score group1 group2  p_value
0  [(14, 3), (15, 2), (16, 1), (17, 0)]       4    8.0   AGGT   TCCA    0.009
1                    [(11, 6), (12, 5)]       2    4.0     AT     TA    0.878",OUTPUT_REPORT/images/A0L9E2_Magnetococcus_marinus_MC-1_reverse_matrix.png,OUTPUT_REPORT/images/A0L9E2_Magnetococcus_marinus_MC-1_reverse_histogram.png,OUTPUT_REPORT/images/A0L9E2_Magnetococcus_marinus_MC-1_reverse_boot.png,(2 seq),
LexA,Mycobacterium_leprae_TN,A0QVY5,IR,Direct,OUTPUT_REPORT/images/A0QVY5_Mycobacterium_leprae_TN_weblogo.png,"                     coords  length  score group1 group2  p_value
0  [(4, 2), (5, 3), (6, 4)]       3    6.0    ACA    ACA   0.2872
1       [(10, 9), (11, 10)]       2    4.0     TT     TT   0.9670",OUTPUT_REPORT/images/A0QVY5_Mycobacterium_leprae_TN_direct_matrix.png,OUTPUT_REPORT/images/A0QVY5_Mycobacterium_leprae_TN_direct_histogram.png,OUTPUT_REPORT/images/A0QVY5_Mycobacterium_leprae_TN_direct_boot.png,(1 seq),
LexA,Mycobacterium_leprae_TN,A0QVY5,IR,Reverse,OUTPUT_REPORT/images/A0QVY5_Mycobacterium_leprae_TN_weblogo.png,"                              coords  length  score group1 group2  p_value
0  [(7, 4), (8, 3), (9, 2), (10, 1)]       4    8.0   TGTT   ACAA   0.1272
1           [(7, 6), (8, 5), (9, 4)]       3    6.0    TGT    ACA   0.5420
2                 [(10, 2), (11, 1)]       2    4.0     TT     AA   0.9972",OUTPUT_REPORT/images/A0QVY5_Mycobacterium_leprae_TN_reverse_matrix.png,OUTPUT_REPORT/images/A0QVY5_Mycobacterium_leprae_TN_reverse_histogram.png,OUTPUT_REPORT/images/A0QVY5_Mycobacterium_leprae_TN_reverse_boot.png,(1 seq),
LexA,Mycobacterium_smegmatis_str__MC2_155,A0QVY5,IR,Direct,OUTPUT_REPORT/images/A0QVY5_Mycobacterium_smegmatis_str__MC2_155_weblogo.png,"             coords  length  score group1 group2  p_value
0  [(8, 6), (9, 7)]       2    4.0     GT     GT   0.9378",OUTPUT_REPORT/images/A0QVY5_Mycobacterium_smegmatis_str__MC2_155_direct_matrix.png,OUTPUT_REPORT/images/A0QVY5_Mycobacterium_smegmatis_str__MC2_155_direct_histogram.png,OUTPUT_REPORT/images/A0QVY5_Mycobacterium_smegmatis_str__MC2_155_direct_boot.png,(1 seq),
LexA,Mycobacterium_smegmatis_str__MC2_155,A0QVY5,IR,Reverse,OUTPUT_REPORT/images/A0QVY5_Mycobacterium_smegmatis_str__MC2_155_weblogo.png,"                                       coords  length  score group1 group2  \
0  [(7, 4), (8, 3), (9, 2), (10, 1), (11, 0)]       5   10.0  TGTTC  ACAAG   
1                            [(6, 3), (7, 2)]       2    4.0     GT     CA   

   p_value  
0   0.0068  
1   0.9758  ",OUTPUT_REPORT/images/A0QVY5_Mycobacterium_smegmatis_str__MC2_155_reverse_matrix.png,OUTPUT_REPORT/images/A0QVY5_Mycobacterium_smegmatis_str__MC2_155_reverse_histogram.png,OUTPUT_REPORT/images/A0QVY5_Mycobacterium_smegmatis_str__MC2_155_reverse_boot.png,(1 seq),
LexA,Mycobacterium_tuberculosis_H37Rv,A0QVY5,IR,Direct,OUTPUT_REPORT/images/A0QVY5_Mycobacterium_tuberculosis_H37Rv_weblogo.png,"                        coords  length  score group1 group2  p_value
0  [(12, 0), (13, 1), (14, 2)]       3    6.0    TCG    TCG   0.6068
1           [(10, 8), (11, 9)]       2    4.0     GT     GT   1.0000
2           [(14, 7), (15, 8)]       2    4.0     GG     GG   1.0000",OUTPUT_REPORT/images/A0QVY5_Mycobacterium_tuberculosis_H37Rv_direct_matrix.png,OUTPUT_REPORT/images/A0QVY5_Mycobacterium_tuberculosis_H37Rv_direct_histogram.png,OUTPUT_REPORT/images/A0QVY5_Mycobacterium_tuberculosis_H37Rv_direct_boot.png,(1 seq),
LexA,Mycobacterium_tuberculosis_H37Rv,A0QVY5,IR,Reverse,OUTPUT_REPORT/images/A0QVY5_Mycobacterium_tuberculosis_H37Rv_weblogo.png,"                                              coords  length  score  group1  \
0  [(9, 6), (10, 5), (11, 4), (12, 3), (13, 2), (...       6   12.0  TGTTCG   
1                                   [(2, 1), (3, 0)]       2    4.0      GA   
2                                   [(8, 5), (9, 4)]       2    4.0      GT   

   group2  p_value  
0  ACAAGC   0.0022  
1      CT   0.9984  
2      CA   0.9984  ",OUTPUT_REPORT/images/A0QVY5_Mycobacterium_tuberculosis_H37Rv_reverse_matrix.png,OUTPUT_REPORT/images/A0QVY5_Mycobacterium_tuberculosis_H37Rv_reverse_histogram.png,OUTPUT_REPORT/images/A0QVY5_Mycobacterium_tuberculosis_H37Rv_reverse_boot.png,(1 seq),
LexA,Paracoccus_denitrificans_PD1222,A1B3Z0,DR,Direct,OUTPUT_REPORT/images/A1B3Z0_Paracoccus_denitrificans_PD1222_weblogo.png,"                                 coords  length  score group1 group2  p_value
0  [(11, 0), (12, 1), (13, 2), (14, 3)]       4    8.0   GAAC   GAAC   0.0218",OUTPUT_REPORT/images/A1B3Z0_Paracoccus_denitrificans_PD1222_direct_matrix.png,OUTPUT_REPORT/images/A1B3Z0_Paracoccus_denitrificans_PD1222_direct_histogram.png,OUTPUT_REPORT/images/A1B3Z0_Paracoccus_denitrificans_PD1222_direct_boot.png,(2 seq),
LexA,Paracoccus_denitrificans_PD1222,A1B3Z0,DR,Reverse,OUTPUT_REPORT/images/A1B3Z0_Paracoccus_denitrificans_PD1222_weblogo.png,"               coords  length  score group1 group2  p_value
0  [(10, 7), (11, 6)]       2    3.0     GG     AC   0.3318",OUTPUT_REPORT/images/A1B3Z0_Paracoccus_denitrificans_PD1222_reverse_matrix.png,OUTPUT_REPORT/images/A1B3Z0_Paracoccus_denitrificans_PD1222_reverse_histogram.png,OUTPUT_REPORT/images/A1B3Z0_Paracoccus_denitrificans_PD1222_reverse_boot.png,(2 seq),"[Paracoccus_denitrificans_PD1222]: No diagonal candidates were possible at the selected 80% threshold for CollecTF_FASTA/LexA/Paracoccus_denitrificans_PD1222/TF_LexA_A1B3Z0.fas, automatically reduced to 70%, at value 0.9999999932676049."
LexA,Acidobacterium_capsulatum_ATCC_51196,C1F978,DR,Direct,OUTPUT_REPORT/images/C1F978_Acidobacterium_capsulatum_ATCC_51196_weblogo.png,"                        coords  length     score group1 group2  p_value
0  [(13, 2), (14, 3), (15, 4)]       3  5.422973    GAA    GAA     0.08",OUTPUT_REPORT/images/C1F978_Acidobacterium_capsulatum_ATCC_51196_direct_matrix.png,OUTPUT_REPORT/images/C1F978_Acidobacterium_capsulatum_ATCC_51196_direct_histogram.png,OUTPUT_REPORT/images/C1F978_Acidobacterium_capsulatum_ATCC_51196_direct_boot.png,(2 seq),
LexA,Acidobacterium_capsulatum_ATCC_51196,C1F978,DR,Reverse,OUTPUT_REPORT/images/C1F978_Acidobacterium_capsulatum_ATCC_51196_weblogo.png,"               coords  length     score group1 group2  p_value
0  [(14, 8), (15, 7)]       2  1.253898     AA     AA   0.7272",OUTPUT_REPORT/images/C1F978_Acidobacterium_capsulatum_ATCC_51196_reverse_matrix.png,OUTPUT_REPORT/images/C1F978_Acidobacterium_capsulatum_ATCC_51196_reverse_histogram.png,OUTPUT_REPORT/images/C1F978_Acidobacterium_capsulatum_ATCC_51196_reverse_boot.png,(2 seq),"[Acidobacterium_capsulatum_ATCC_51196]: No diagonal candidates were possible at the selected 80% threshold for CollecTF_FASTA/LexA/Acidobacterium_capsulatum_ATCC_51196/TF_LexA_C1F978.fas, automatically reduced to 40%, at value 0.514524699394769."
LexA,Rhodobacter_sphaeroides_2_4_1,C1F978,DR,Direct,OUTPUT_REPORT/images/C1F978_Rhodobacter_sphaeroides_2_4_1_weblogo.png,"                                 coords  length  score group1 group2  p_value
0  [(13, 2), (14, 3), (15, 4), (16, 5)]       4    8.0   GAAC   GAAC   0.0008",OUTPUT_REPORT/images/C1F978_Rhodobacter_sphaeroides_2_4_1_direct_matrix.png,OUTPUT_REPORT/images/C1F978_Rhodobacter_sphaeroides_2_4_1_direct_histogram.png,OUTPUT_REPORT/images/C1F978_Rhodobacter_sphaeroides_2_4_1_direct_boot.png,(2 seq),
LexA,Rhodobacter_sphaeroides_2_4_1,C1F978,DR,Reverse,OUTPUT_REPORT/images/C1F978_Rhodobacter_sphaeroides_2_4_1_weblogo.png,"                           coords  length     score group1 group2  p_value
0  [(15, 12), (16, 11), (17, 10)]       3  2.632331    ACA    ACG   0.9858
1               [(9, 8), (10, 7)]       2  1.754887     CG     GC   1.0000
2              [(10, 9), (11, 8)]       2  1.754887     GC     CG   1.0000
3              [(11, 5), (12, 4)]       2  1.754887     CA     CA   1.0000
4              [(16, 9), (17, 8)]       2  1.754887     CA     CG   1.0000",OUTPUT_REPORT/images/C1F978_Rhodobacter_sphaeroides_2_4_1_reverse_matrix.png,OUTPUT_REPORT/images/C1F978_Rhodobacter_sphaeroides_2_4_1_reverse_histogram.png,OUTPUT_REPORT/images/C1F978_Rhodobacter_sphaeroides_2_4_1_reverse_boot.png,(2 seq),"[Rhodobacter_sphaeroides_2_4_1]: No diagonal candidates were possible at the selected 80% threshold for CollecTF_FASTA/LexA/Rhodobacter_sphaeroides_2_4_1/TF_LexA_C1F978.fas, automatically reduced to 45%, at value 0.49999999663380246."
LexA,Rhodobacter_capsulatus_SB_1003,D5ALN0,DR,Direct,OUTPUT_REPORT/images/D5ALN0_Rhodobacter_capsulatus_SB_1003_weblogo.png,"                                 coords  length     score group1 group2  \
0  [(11, 0), (12, 1), (13, 2), (14, 3)]       4  7.422973   GAAC   GAAC   

   p_value  
0   0.0002  ",OUTPUT_REPORT/images/D5ALN0_Rhodobacter_capsulatus_SB_1003_direct_matrix.png,OUTPUT_REPORT/images/D5ALN0_Rhodobacter_capsulatus_SB_1003_direct_histogram.png,OUTPUT_REPORT/images/D5ALN0_Rhodobacter_capsulatus_SB_1003_direct_boot.png,,
LexA,Rhodobacter_capsulatus_SB_1003,D5ALN0,DR,Reverse,OUTPUT_REPORT/images/D5ALN0_Rhodobacter_capsulatus_SB_1003_weblogo.png,No candidates found,OUTPUT_REPORT/images/D5ALN0_Rhodobacter_capsulatus_SB_1003_reverse_matrix.png,OUTPUT_REPORT/images/D5ALN0_Rhodobacter_capsulatus_SB_1003_reverse_histogram.png,,,[DETECT_PATTERNS] - Rhodobacter_capsulatus_SB_1003: Exhausted all fallbacks down to 25th percentile. No diagonal candidates >=2 positions found at user-specified 80%
LexA,Mycobacterium_tuberculosis_H37Rv,I6Y1J7,IR,Direct,OUTPUT_REPORT/images/I6Y1J7_Mycobacterium_tuberculosis_H37Rv_weblogo.png,"                                 coords  length     score group1 group2  \
0  [(14, 2), (15, 3), (16, 4), (17, 5)]       4  6.084543   TCGA   TCGA   

   p_value  
0    0.001  ",OUTPUT_REPORT/images/I6Y1J7_Mycobacterium_tuberculosis_H37Rv_direct_matrix.png,OUTPUT_REPORT/images/I6Y1J7_Mycobacterium_tuberculosis_H37Rv_direct_histogram.png,OUTPUT_REPORT/images/I6Y1J7_Mycobacterium_tuberculosis_H37Rv_direct_boot.png,,
LexA,Mycobacterium_tuberculosis_H37Rv,I6Y1J7,IR,Reverse,OUTPUT_REPORT/images/I6Y1J7_Mycobacterium_tuberculosis_H37Rv_weblogo.png,"                                              coords  length      score  \
0  [(11, 8), (12, 7), (13, 6), (14, 5), (15, 4), ...       7  10.301042   
1                                   [(4, 3), (5, 2)]       2   3.113360   
2                               [(16, 15), (17, 14)]       2   3.000022   

    group1   group2  p_value  
0  TGTTCGA  ACAAGCT   0.0000  
1       GA       CT   0.4324  
2       GA       CT   0.5710  ",OUTPUT_REPORT/images/I6Y1J7_Mycobacterium_tuberculosis_H37Rv_reverse_matrix.png,OUTPUT_REPORT/images/I6Y1J7_Mycobacterium_tuberculosis_H37Rv_reverse_histogram.png,OUTPUT_REPORT/images/I6Y1J7_Mycobacterium_tuberculosis_H37Rv_reverse_boot.png,,
LexA,Pseudomonas_putida_KT2440,P0A153,IR,Direct,OUTPUT_REPORT/images/P0A153_Pseudomonas_putida_KT2440_weblogo.png,"               coords  length     score group1 group2  p_value
0  [(14, 8), (15, 9)]       2  2.658734     TA     TA   0.3618",OUTPUT_REPORT/images/P0A153_Pseudomonas_putida_KT2440_direct_matrix.png,OUTPUT_REPORT/images/P0A153_Pseudomonas_putida_KT2440_direct_histogram.png,OUTPUT_REPORT/images/P0A153_Pseudomonas_putida_KT2440_direct_boot.png,,"[Pseudomonas_putida_KT2440]: No diagonal candidates were possible at the selected 80% threshold for CollecTF_FASTA/LexA/Pseudomonas_putida_KT2440/TF_LexA_P0A153.fas, automatically reduced to 75%, at value 0.8243256523043938."
LexA,Pseudomonas_putida_KT2440,P0A153,IR,Reverse,OUTPUT_REPORT/images/P0A153_Pseudomonas_putida_KT2440_weblogo.png,"                        coords  length    score group1 group2  p_value
0  [(16, 5), (17, 4), (18, 3)]       3  6.00000    CAG    GTC   0.0012
1           [(14, 9), (15, 8)]       2  2.57862     TA     AT   0.4316",OUTPUT_REPORT/images/P0A153_Pseudomonas_putida_KT2440_reverse_matrix.png,OUTPUT_REPORT/images/P0A153_Pseudomonas_putida_KT2440_reverse_histogram.png,OUTPUT_REPORT/images/P0A153_Pseudomonas_putida_KT2440_reverse_boot.png,,
LexA,Escherichia_coli,P0A7C2,IR,Direct,OUTPUT_REPORT/images/P0A7C2_Escherichia_coli_weblogo.png,"                                              coords  length  score  group1  \
0  [(6, 5), (7, 6), (8, 7), (9, 8), (10, 9), (11,...       6   12.0  TTTTTT   
1         [(7, 5), (8, 6), (9, 7), (10, 8), (11, 9)]       5   10.0   TTTTT   
2                 [(8, 5), (9, 6), (10, 7), (11, 8)]       4    8.0    TTTT   
3                         [(9, 5), (10, 6), (11, 7)]       3    6.0     TTT   
4                        [(11, 3), (12, 4), (13, 5)]       3    6.0     TGT   
5                                 [(10, 5), (11, 6)]       2    4.0      TT   
6                                 [(14, 1), (15, 2)]       2    4.0      AC   
7                                 [(17, 4), (18, 5)]       2    4.0      GT   
8                               [(17, 12), (18, 13)]       2    4.0      GT   

   group2  p_value  
0  TTTTTT   0.0396  
1   TTTTT   0.1688  
2    TTTT   0.5374  
3     TTT   0.9856  
4     TGT   0.9856  
5      TT   1.0000  
6      AC   1.0000  
7      GT   1.0000  
8      GT   1.0000  ",OUTPUT_REPORT/images/P0A7C2_Escherichia_coli_direct_matrix.png,OUTPUT_REPORT/images/P0A7C2_Escherichia_coli_direct_histogram.png,OUTPUT_REPORT/images/P0A7C2_Escherichia_coli_direct_boot.png,[Escherichia coli str. K-12 substr. MG1655],
LexA,Escherichia_coli,P0A7C2,IR,Reverse,OUTPUT_REPORT/images/P0A7C2_Escherichia_coli_weblogo.png,"                                              coords  length  score  group1  \
0  [(14, 5), (15, 4), (16, 3), (17, 2), (18, 1), ...       6   12.0  ACAGTC   
1                     [(14, 13), (15, 12), (16, 11)]       3    6.0     ACA   
2                                   [(4, 2), (5, 1)]       2    4.0      GT   
3                                 [(12, 2), (13, 1)]       2    4.0      GT   
4                               [(17, 15), (18, 14)]       2    4.0      GT   

   group2  p_value  
0  TGTCAG   0.0002  
1     TGT   0.6170  
2      CA   1.0000  
3      CA   1.0000  
4      CA   1.0000  ",OUTPUT_REPORT/images/P0A7C2_Escherichia_coli_reverse_matrix.png,OUTPUT_REPORT/images/P0A7C2_Escherichia_coli_reverse_histogram.png,OUTPUT_REPORT/images/P0A7C2_Escherichia_coli_reverse_boot.png,[Escherichia coli str. K-12 substr. MG1655],
LexA,Escherichia_coli_str__K-12_substr__MG1655,P0A7C2,IR,Direct,OUTPUT_REPORT/images/P0A7C2_Escherichia_coli_str__K-12_substr__MG1655_weblogo.png,"                 coords  length     score group1 group2  p_value
0  [(13, 11), (14, 12)]       2  2.074456     TA     TA   0.5028",OUTPUT_REPORT/images/P0A7C2_Escherichia_coli_str__K-12_substr__MG1655_direct_matrix.png,OUTPUT_REPORT/images/P0A7C2_Escherichia_coli_str__K-12_substr__MG1655_direct_histogram.png,OUTPUT_REPORT/images/P0A7C2_Escherichia_coli_str__K-12_substr__MG1655_direct_boot.png,[Escherichia coli str. K-12 substr. MG1655],
LexA,Escherichia_coli_str__K-12_substr__MG1655,P0A7C2,IR,Reverse,OUTPUT_REPORT/images/P0A7C2_Escherichia_coli_str__K-12_substr__MG1655_weblogo.png,"                        coords  length     score group1 group2  p_value
0  [(15, 4), (16, 3), (17, 2)]       3  5.360098    CAG    GTC   0.0020
1         [(13, 12), (14, 11)]       2  1.941567     TA     AT   0.7274",OUTPUT_REPORT/images/P0A7C2_Escherichia_coli_str__K-12_substr__MG1655_reverse_matrix.png,OUTPUT_REPORT/images/P0A7C2_Escherichia_coli_str__K-12_substr__MG1655_reverse_histogram.png,OUTPUT_REPORT/images/P0A7C2_Escherichia_coli_str__K-12_substr__MG1655_reverse_boot.png,[Escherichia coli str. K-12 substr. MG1655],
LexA,Fibrobacter_succinogenes_subsp__succinogenes_S85,P0DN68,IR,Direct,OUTPUT_REPORT/images/P0DN68_Fibrobacter_succinogenes_subsp__succinogenes_S85_weblogo.png,"               coords  length     score group1 group2  p_value
0  [(13, 5), (14, 6)]       2  3.422973     CA     CA   0.1238",OUTPUT_REPORT/images/P0DN68_Fibrobacter_succinogenes_subsp__succinogenes_S85_direct_matrix.png,OUTPUT_REPORT/images/P0DN68_Fibrobacter_succinogenes_subsp__succinogenes_S85_direct_histogram.png,OUTPUT_REPORT/images/P0DN68_Fibrobacter_succinogenes_subsp__succinogenes_S85_direct_boot.png,(https://www.microbiologyresearch.org/content/journal/micro/10.1099/mic.0.27315-0),
LexA,Fibrobacter_succinogenes_subsp__succinogenes_S85,P0DN68,IR,Reverse,OUTPUT_REPORT/images/P0DN68_Fibrobacter_succinogenes_subsp__succinogenes_S85_weblogo.png,"               coords  length     score group1 group2  p_value
0  [(13, 2), (14, 1)]       2  2.845946     CA     GT   0.1834",OUTPUT_REPORT/images/P0DN68_Fibrobacter_succinogenes_subsp__succinogenes_S85_reverse_matrix.png,OUTPUT_REPORT/images/P0DN68_Fibrobacter_succinogenes_subsp__succinogenes_S85_reverse_histogram.png,OUTPUT_REPORT/images/P0DN68_Fibrobacter_succinogenes_subsp__succinogenes_S85_reverse_boot.png,(https://www.microbiologyresearch.org/content/journal/micro/10.1099/mic.0.27315-0),
LexA,Bacillus_subtilis_subsp__subtilis_str__168,P31080,IR,Direct,OUTPUT_REPORT/images/P31080_Bacillus_subtilis_subsp__subtilis_str__168_weblogo.png,No candidates found,OUTPUT_REPORT/images/P31080_Bacillus_subtilis_subsp__subtilis_str__168_direct_matrix.png,OUTPUT_REPORT/images/P31080_Bacillus_subtilis_subsp__subtilis_str__168_direct_histogram.png,,(1 seq),[DETECT_PATTERNS] - Bacillus_subtilis_subsp__subtilis_str__168: Exhausted all fallbacks down to 25th percentile. No diagonal candidates >=2 positions found at user-specified 80%
LexA,Bacillus_subtilis_subsp__subtilis_str__168,P31080,IR,Reverse,OUTPUT_REPORT/images/P31080_Bacillus_subtilis_subsp__subtilis_str__168_weblogo.png,"                                coords  length     score group1 group2  \
0  [(9, 4), (10, 3), (11, 2), (12, 1)]       4  6.620837   GTTC   CAAG   

   p_value  
0      0.0  ",OUTPUT_REPORT/images/P31080_Bacillus_subtilis_subsp__subtilis_str__168_reverse_matrix.png,OUTPUT_REPORT/images/P31080_Bacillus_subtilis_subsp__subtilis_str__168_reverse_histogram.png,OUTPUT_REPORT/images/P31080_Bacillus_subtilis_subsp__subtilis_str__168_reverse_boot.png,(1 seq),
LexA,Dehalococcoides_ethenogenes_195,P31080,IR,Direct,OUTPUT_REPORT/images/P31080_Dehalococcoides_ethenogenes_195_weblogo.png,"              coords  length  score group1 group2  p_value
0   [(5, 2), (6, 3)]       2    4.0     AA     AA    0.999
1   [(6, 0), (7, 1)]       2    4.0     AG     AG    0.999
2  [(9, 7), (10, 8)]       2    4.0     GT     GT    0.999",OUTPUT_REPORT/images/P31080_Dehalococcoides_ethenogenes_195_direct_matrix.png,OUTPUT_REPORT/images/P31080_Dehalococcoides_ethenogenes_195_direct_histogram.png,OUTPUT_REPORT/images/P31080_Dehalococcoides_ethenogenes_195_direct_boot.png,(1 seq),
LexA,Dehalococcoides_ethenogenes_195,P31080,IR,Reverse,OUTPUT_REPORT/images/P31080_Dehalococcoides_ethenogenes_195_weblogo.png,"                                              coords  length  score  group1  \
0  [(8, 5), (9, 4), (10, 3), (11, 2), (12, 1), (1...       6   12.0  TGTTCT   
1                                   [(7, 4), (8, 3)]       2    4.0      GT   
2                                 [(10, 6), (11, 5)]       2    4.0      TT   
3                                 [(12, 7), (13, 6)]       2    4.0      CT   

   group2  p_value  
0  ACAAGA   0.0058  
1      CA   0.9998  
2      AA   0.9998  
3      GA   0.9998  ",OUTPUT_REPORT/images/P31080_Dehalococcoides_ethenogenes_195_reverse_matrix.png,OUTPUT_REPORT/images/P31080_Dehalococcoides_ethenogenes_195_reverse_histogram.png,OUTPUT_REPORT/images/P31080_Dehalococcoides_ethenogenes_195_reverse_boot.png,(1 seq),
LexA,Pseudomonas_aeruginosa_PAO1,P37452,IR,Direct,OUTPUT_REPORT/images/P37452_Pseudomonas_aeruginosa_PAO1_weblogo.png,"               coords  length     score group1 group2  p_value
0    [(7, 5), (8, 6)]       2  1.561567     TA     TA   0.9804
1  [(10, 6), (11, 7)]       2  2.497643     AT     AT   0.8070",OUTPUT_REPORT/images/P37452_Pseudomonas_aeruginosa_PAO1_direct_matrix.png,OUTPUT_REPORT/images/P37452_Pseudomonas_aeruginosa_PAO1_direct_histogram.png,OUTPUT_REPORT/images/P37452_Pseudomonas_aeruginosa_PAO1_direct_boot.png,,"[Pseudomonas_aeruginosa_PAO1]: No diagonal candidates were possible at the selected 80% threshold for CollecTF_FASTA/LexA/Pseudomonas_aeruginosa_PAO1/TF_LexA_P37452.fas, automatically reduced to 60%, at value 0.7098791466439054."
LexA,Pseudomonas_aeruginosa_PAO1,P37452,IR,Reverse,OUTPUT_REPORT/images/P37452_Pseudomonas_aeruginosa_PAO1_weblogo.png,"                        coords  length   score group1 group2  p_value
0  [(15, 4), (16, 3), (17, 2)]       3  6.0000    CAG    GTC   0.0046
1           [(10, 7), (11, 6)]       2  2.6799     AT     TA   0.7008",OUTPUT_REPORT/images/P37452_Pseudomonas_aeruginosa_PAO1_reverse_matrix.png,OUTPUT_REPORT/images/P37452_Pseudomonas_aeruginosa_PAO1_reverse_histogram.png,OUTPUT_REPORT/images/P37452_Pseudomonas_aeruginosa_PAO1_reverse_boot.png,,
LexA,Haemophilus_influenzae_Rd_KW20,P44858,IR,Direct,OUTPUT_REPORT/images/P44858_Haemophilus_influenzae_Rd_KW20_weblogo.png,"               coords  length     score group1 group2  p_value
0  [(10, 6), (11, 7)]       2  1.485101     AT     AT   0.9356",OUTPUT_REPORT/images/P44858_Haemophilus_influenzae_Rd_KW20_direct_matrix.png,OUTPUT_REPORT/images/P44858_Haemophilus_influenzae_Rd_KW20_direct_histogram.png,OUTPUT_REPORT/images/P44858_Haemophilus_influenzae_Rd_KW20_direct_boot.png,,"[Haemophilus_influenzae_Rd_KW20]: No diagonal candidates were possible at the selected 80% threshold for CollecTF_FASTA/LexA/Haemophilus_influenzae_Rd_KW20/TF_LexA_P44858.fas, automatically reduced to 35%, at value 0.6212165030569339."
LexA,Haemophilus_influenzae_Rd_KW20,P44858,IR,Reverse,OUTPUT_REPORT/images/P44858_Haemophilus_influenzae_Rd_KW20_weblogo.png,"                        coords  length  score group1 group2  p_value
0  [(13, 2), (14, 1), (15, 0)]       3    6.0    CAG    GTC   0.0032",OUTPUT_REPORT/images/P44858_Haemophilus_influenzae_Rd_KW20_reverse_matrix.png,OUTPUT_REPORT/images/P44858_Haemophilus_influenzae_Rd_KW20_reverse_histogram.png,OUTPUT_REPORT/images/P44858_Haemophilus_influenzae_Rd_KW20_reverse_boot.png,,
LexA,Geobacter_sulfurreducens_PCA,P61609,IR,Direct,OUTPUT_REPORT/images/P61609_Geobacter_sulfurreducens_PCA_weblogo.png,"               coords  length  score group1 group2  p_value
0  [(10, 3), (11, 4)]       2    4.0     TG     TG   0.8868
1  [(11, 1), (12, 2)]       2    4.0     GT     GT   0.8868",OUTPUT_REPORT/images/P61609_Geobacter_sulfurreducens_PCA_direct_matrix.png,OUTPUT_REPORT/images/P61609_Geobacter_sulfurreducens_PCA_direct_histogram.png,OUTPUT_REPORT/images/P61609_Geobacter_sulfurreducens_PCA_direct_boot.png,(2 seq),
LexA,Geobacter_sulfurreducens_PCA,P61609,IR,Reverse,OUTPUT_REPORT/images/P61609_Geobacter_sulfurreducens_PCA_weblogo.png,"                        coords  length  score group1 group2  p_value
0  [(15, 2), (16, 1), (17, 0)]       3    6.0    ACC    TGG   0.2386
1             [(6, 4), (7, 3)]       2    4.0     CA     GT   0.9596
2           [(10, 7), (11, 6)]       2    4.0     TG     AC   0.9596
3         [(15, 12), (16, 11)]       2    4.0     AC     TG   0.9596",OUTPUT_REPORT/images/P61609_Geobacter_sulfurreducens_PCA_reverse_matrix.png,OUTPUT_REPORT/images/P61609_Geobacter_sulfurreducens_PCA_reverse_histogram.png,OUTPUT_REPORT/images/P61609_Geobacter_sulfurreducens_PCA_reverse_boot.png,(2 seq),
LexA,Leptospira_interrogans_serovar_Copenhageni_str__Fiocruz_L1-130,P61611,IR,Direct,OUTPUT_REPORT/images/P61611_Leptospira_interrogans_serovar_Copenhageni_str__Fiocruz_L1-130_weblogo.png,"                 coords  length     score group1 group2  p_value
0      [(1, 0), (2, 1)]       2  3.422973     TT     TT   0.2476
1  [(11, 10), (12, 11)]       2  3.422973     AA     AA   0.2476",OUTPUT_REPORT/images/P61611_Leptospira_interrogans_serovar_Copenhageni_str__Fiocruz_L1-130_direct_matrix.png,OUTPUT_REPORT/images/P61611_Leptospira_interrogans_serovar_Copenhageni_str__Fiocruz_L1-130_direct_histogram.png,OUTPUT_REPORT/images/P61611_Leptospira_interrogans_serovar_Copenhageni_str__Fiocruz_L1-130_direct_boot.png,,
LexA,Leptospira_interrogans_serovar_Copenhageni_str__Fiocruz_L1-130,P61611,IR,Reverse,OUTPUT_REPORT/images/P61611_Leptospira_interrogans_serovar_Copenhageni_str__Fiocruz_L1-130_weblogo.png,"                        coords  length     score group1 group2  p_value
0  [(10, 2), (11, 1), (12, 0)]       3  4.845946    AAA    TTT   0.0158
1           [(10, 1), (11, 0)]       2  4.000000     AA     TT   0.0704
2           [(11, 2), (12, 1)]       2  2.845946     AA     TT   0.5402",OUTPUT_REPORT/images/P61611_Leptospira_interrogans_serovar_Copenhageni_str__Fiocruz_L1-130_reverse_matrix.png,OUTPUT_REPORT/images/P61611_Leptospira_interrogans_serovar_Copenhageni_str__Fiocruz_L1-130_reverse_histogram.png,OUTPUT_REPORT/images/P61611_Leptospira_interrogans_serovar_Copenhageni_str__Fiocruz_L1-130_reverse_boot.png,,
LexA,Myxococcus_xanthus_DK_1622,Q1D406,IR,Direct,OUTPUT_REPORT/images/Q1D406_Myxococcus_xanthus_DK_1622_weblogo.png,"             coords  length  score group1 group2  p_value
0  [(4, 2), (5, 3)]       2    3.0     AA     AA   0.7916",OUTPUT_REPORT/images/Q1D406_Myxococcus_xanthus_DK_1622_direct_matrix.png,OUTPUT_REPORT/images/Q1D406_Myxococcus_xanthus_DK_1622_direct_histogram.png,OUTPUT_REPORT/images/Q1D406_Myxococcus_xanthus_DK_1622_direct_boot.png,,"[Myxococcus_xanthus_DK_1622]: No diagonal candidates were possible at the selected 80% threshold for CollecTF_FASTA/LexA/Myxococcus_xanthus_DK_1622/TF_LexA_Q1D406.fas, automatically reduced to 70%, at value 0.9999999932676049."
LexA,Myxococcus_xanthus_DK_1622,Q1D406,IR,Reverse,OUTPUT_REPORT/images/Q1D406_Myxococcus_xanthus_DK_1622_weblogo.png,"               coords  length  score group1 group2  p_value
0  [(14, 1), (15, 0)]       2    4.0     AG     TC    0.805",OUTPUT_REPORT/images/Q1D406_Myxococcus_xanthus_DK_1622_reverse_matrix.png,OUTPUT_REPORT/images/Q1D406_Myxococcus_xanthus_DK_1622_reverse_histogram.png,OUTPUT_REPORT/images/Q1D406_Myxococcus_xanthus_DK_1622_reverse_boot.png,,
LexA,Burkholderia_thailandensis_E264,Q2SVP7,IR,Direct,OUTPUT_REPORT/images/Q2SVP7_Burkholderia_thailandensis_E264_weblogo.png,"             coords  length     score group1 group2  p_value
0  [(8, 5), (9, 6)]       2  2.507232     TT     TT   0.9442",OUTPUT_REPORT/images/Q2SVP7_Burkholderia_thailandensis_E264_direct_matrix.png,OUTPUT_REPORT/images/Q2SVP7_Burkholderia_thailandensis_E264_direct_histogram.png,OUTPUT_REPORT/images/Q2SVP7_Burkholderia_thailandensis_E264_direct_boot.png,,
LexA,Burkholderia_thailandensis_E264,Q2SVP7,IR,Reverse,OUTPUT_REPORT/images/Q2SVP7_Burkholderia_thailandensis_E264_weblogo.png,"                                 coords  length     score group1 group2  \
0  [(12, 3), (13, 2), (14, 1), (15, 0)]       4  7.188722   ACAG   TGTC   

   p_value  
0   0.0006  ",OUTPUT_REPORT/images/Q2SVP7_Burkholderia_thailandensis_E264_reverse_matrix.png,OUTPUT_REPORT/images/Q2SVP7_Burkholderia_thailandensis_E264_reverse_histogram.png,OUTPUT_REPORT/images/Q2SVP7_Burkholderia_thailandensis_E264_reverse_boot.png,,
LexA,Dehalococcoides_ethenogenes_195,Q3Z9S7,IR,Direct,OUTPUT_REPORT/images/Q3Z9S7_Dehalococcoides_ethenogenes_195_weblogo.png,No candidates found,OUTPUT_REPORT/images/Q3Z9S7_Dehalococcoides_ethenogenes_195_direct_matrix.png,OUTPUT_REPORT/images/Q3Z9S7_Dehalococcoides_ethenogenes_195_direct_histogram.png,,(2 seq),[DETECT_PATTERNS] - Dehalococcoides_ethenogenes_195: Exhausted all fallbacks down to 25th percentile. No diagonal candidates >=2 positions found at user-specified 80%
LexA,Dehalococcoides_ethenogenes_195,Q3Z9S7,IR,Reverse,OUTPUT_REPORT/images/Q3Z9S7_Dehalococcoides_ethenogenes_195_weblogo.png,"                               coords  length  score group1 group2  p_value
0  [(8, 5), (9, 4), (10, 3), (11, 2)]       4    8.0   TGTT   ACAA    0.018",OUTPUT_REPORT/images/Q3Z9S7_Dehalococcoides_ethenogenes_195_reverse_matrix.png,OUTPUT_REPORT/images/Q3Z9S7_Dehalococcoides_ethenogenes_195_reverse_histogram.png,OUTPUT_REPORT/images/Q3Z9S7_Dehalococcoides_ethenogenes_195_reverse_boot.png,(2 seq),
LexA,Bdellovibrio_bacteriovorus_HD100,Q6MHM9,IR,Direct,OUTPUT_REPORT/images/Q6MHM9_Bdellovibrio_bacteriovorus_HD100_weblogo.png,"               coords  length  score group1 group2  p_value
0    [(2, 1), (3, 2)]       2    4.0     TT     TT   0.9912
1  [(10, 3), (11, 4)]       2    4.0     TA     TA   0.9912",OUTPUT_REPORT/images/Q6MHM9_Bdellovibrio_bacteriovorus_HD100_direct_matrix.png,OUTPUT_REPORT/images/Q6MHM9_Bdellovibrio_bacteriovorus_HD100_direct_histogram.png,OUTPUT_REPORT/images/Q6MHM9_Bdellovibrio_bacteriovorus_HD100_direct_boot.png,,
LexA,Bdellovibrio_bacteriovorus_HD100,Q6MHM9,IR,Reverse,OUTPUT_REPORT/images/Q6MHM9_Bdellovibrio_bacteriovorus_HD100_weblogo.png,"                                coords  length  score group1 group2  p_value
0  [(9, 5), (10, 4), (11, 3), (12, 2)]       4    8.0   GTAA   CATT   0.0592
1                   [(11, 2), (12, 1)]       2    4.0     AA     TT   0.9966",OUTPUT_REPORT/images/Q6MHM9_Bdellovibrio_bacteriovorus_HD100_reverse_matrix.png,OUTPUT_REPORT/images/Q6MHM9_Bdellovibrio_bacteriovorus_HD100_reverse_histogram.png,OUTPUT_REPORT/images/Q6MHM9_Bdellovibrio_bacteriovorus_HD100_reverse_boot.png,,
LexA,Vibrio_parahaemolyticus_RIMD_2210633,Q87KN2,IR,Direct,OUTPUT_REPORT/images/Q87KN2_Vibrio_parahaemolyticus_RIMD_2210633_weblogo.png,"               coords  length     score group1 group2  p_value
0  [(11, 7), (12, 8)]       2  2.284848     AT     AT   0.4822",OUTPUT_REPORT/images/Q87KN2_Vibrio_parahaemolyticus_RIMD_2210633_direct_matrix.png,OUTPUT_REPORT/images/Q87KN2_Vibrio_parahaemolyticus_RIMD_2210633_direct_histogram.png,OUTPUT_REPORT/images/Q87KN2_Vibrio_parahaemolyticus_RIMD_2210633_direct_boot.png,,
LexA,Vibrio_parahaemolyticus_RIMD_2210633,Q87KN2,IR,Reverse,OUTPUT_REPORT/images/Q87KN2_Vibrio_parahaemolyticus_RIMD_2210633_weblogo.png,"                                 coords  length     score group1 group2  \
0  [(15, 6), (16, 5), (17, 4), (18, 3)]       4  7.531004   ACAG   TGTC   

   p_value  
0      0.0  ",OUTPUT_REPORT/images/Q87KN2_Vibrio_parahaemolyticus_RIMD_2210633_reverse_matrix.png,OUTPUT_REPORT/images/Q87KN2_Vibrio_parahaemolyticus_RIMD_2210633_reverse_histogram.png,OUTPUT_REPORT/images/Q87KN2_Vibrio_parahaemolyticus_RIMD_2210633_reverse_boot.png,,
LexA,Leptospira_interrogans_serovar_Lai_str__56601,Q8F663,IR,Direct,OUTPUT_REPORT/images/Q8F663_Leptospira_interrogans_serovar_Lai_str__56601_weblogo.png,"                 coords  length  score group1 group2  p_value
0      [(1, 0), (2, 1)]       2    4.0     TT     TT      1.0
1      [(7, 5), (8, 6)]       2    4.0     TA     TA      1.0
2  [(11, 10), (12, 11)]       2    4.0     AA     AA      1.0",OUTPUT_REPORT/images/Q8F663_Leptospira_interrogans_serovar_Lai_str__56601_direct_matrix.png,OUTPUT_REPORT/images/Q8F663_Leptospira_interrogans_serovar_Lai_str__56601_direct_histogram.png,OUTPUT_REPORT/images/Q8F663_Leptospira_interrogans_serovar_Lai_str__56601_direct_boot.png,(1 seq),
LexA,Leptospira_interrogans_serovar_Lai_str__56601,Q8F663,IR,Reverse,OUTPUT_REPORT/images/Q8F663_Leptospira_interrogans_serovar_Lai_str__56601_weblogo.png,"                                coords  length  score group1 group2  p_value
0  [(9, 3), (10, 2), (11, 1), (12, 0)]       4    8.0   CAAA   GTTT   0.2248
1                     [(7, 6), (8, 5)]       2    4.0     TA     AT   0.9998
2                   [(10, 1), (11, 0)]       2    4.0     AA     TT   0.9998
3                   [(11, 2), (12, 1)]       2    4.0     AA     TT   0.9998",OUTPUT_REPORT/images/Q8F663_Leptospira_interrogans_serovar_Lai_str__56601_reverse_matrix.png,OUTPUT_REPORT/images/Q8F663_Leptospira_interrogans_serovar_Lai_str__56601_reverse_histogram.png,OUTPUT_REPORT/images/Q8F663_Leptospira_interrogans_serovar_Lai_str__56601_reverse_boot.png,(1 seq),
LexA,Xanthomonas_axonopodis_pv__citri_str__306,Q8PN77,IR,Direct,OUTPUT_REPORT/images/Q8PN77_Xanthomonas_axonopodis_pv__citri_str__306_weblogo.png,"                                              coords  length  score  group1  \
0  [(8, 0), (9, 1), (10, 2), (11, 3), (12, 4), (1...       6   12.0  TGTACA   
1                                   [(6, 5), (7, 6)]       2    4.0      AA   

   group2  p_value  
0  TGTACA   0.0036  
1      AA   1.0000  ",OUTPUT_REPORT/images/Q8PN77_Xanthomonas_axonopodis_pv__citri_str__306_direct_matrix.png,OUTPUT_REPORT/images/Q8PN77_Xanthomonas_axonopodis_pv__citri_str__306_direct_histogram.png,OUTPUT_REPORT/images/Q8PN77_Xanthomonas_axonopodis_pv__citri_str__306_direct_boot.png,(1 seq),
LexA,Xanthomonas_axonopodis_pv__citri_str__306,Q8PN77,IR,Reverse,OUTPUT_REPORT/images/Q8PN77_Xanthomonas_axonopodis_pv__citri_str__306_weblogo.png,"                                              coords  length  score  group1  \
0  [(8, 5), (9, 4), (10, 3), (11, 2), (12, 1), (1...       6   12.0  TGTACA   
1                           [(3, 2), (4, 1), (5, 0)]       3    6.0     ACA   
2                       [(11, 10), (12, 9), (13, 8)]       3    6.0     ACA   

   group2  p_value  
0  ACATGT   0.0046  
1     TGT   0.6868  
2     TGT   0.6868  ",OUTPUT_REPORT/images/Q8PN77_Xanthomonas_axonopodis_pv__citri_str__306_reverse_matrix.png,OUTPUT_REPORT/images/Q8PN77_Xanthomonas_axonopodis_pv__citri_str__306_reverse_histogram.png,OUTPUT_REPORT/images/Q8PN77_Xanthomonas_axonopodis_pv__citri_str__306_reverse_boot.png,(1 seq),
LexA,Agrobacterium_fabrum_str__C58,Q8UFK2,DR,Direct,OUTPUT_REPORT/images/Q8UFK2_Agrobacterium_fabrum_str__C58_weblogo.png,"                                            coords  length  score group1  \
0   [(11, 6), (12, 7), (13, 8), (14, 9), (15, 10)]       5   10.0  TTGTT   
1    [(12, 1), (13, 2), (14, 3), (15, 4), (16, 5)]       5   10.0  TGTTC   
2                [(7, 1), (8, 2), (9, 3), (10, 4)]       4    8.0   TGTT   
3                    [(10, 9), (11, 10), (12, 11)]       3    6.0    TTT   
4                                 [(5, 0), (6, 1)]       2    4.0     CT   
5                                 [(6, 3), (7, 4)]       2    4.0     TT   
6                                [(9, 6), (10, 7)]       2    4.0     TT   
7                               [(10, 3), (11, 4)]       2    4.0     TT   
8                               [(10, 6), (11, 7)]       2    4.0     TT   
9                               [(11, 3), (12, 4)]       2    4.0     TT   
10                             [(11, 9), (12, 10)]       2    4.0     TT   
11                              [(14, 6), (15, 7)]       2    4.0     TT   
12                            [(14, 10), (15, 11)]       2    4.0     TT   
13                            [(14, 11), (15, 12)]       2    4.0     TT   
14                              [(17, 0), (18, 1)]       2    4.0     CT   
15                              [(17, 5), (18, 6)]       2    4.0     CT   

   group2  p_value  
0   TTGTT   0.6272  
1   TGTTC   0.6272  
2    TGTT   0.9692  
3     TTT   1.0000  
4      CT   1.0000  
5      TT   1.0000  
6      TT   1.0000  
7      TT   1.0000  
8      TT   1.0000  
9      TT   1.0000  
10     TT   1.0000  
11     TT   1.0000  
12     TT   1.0000  
13     TT   1.0000  
14     CT   1.0000  
15     CT   1.0000  ",OUTPUT_REPORT/images/Q8UFK2_Agrobacterium_fabrum_str__C58_direct_matrix.png,OUTPUT_REPORT/images/Q8UFK2_Agrobacterium_fabrum_str__C58_direct_histogram.png,OUTPUT_REPORT/images/Q8UFK2_Agrobacterium_fabrum_str__C58_direct_boot.png,(1 seq),
LexA,Agrobacterium_fabrum_str__C58,Q8UFK2,DR,Reverse,OUTPUT_REPORT/images/Q8UFK2_Agrobacterium_fabrum_str__C58_weblogo.png,No candidates found,OUTPUT_REPORT/images/Q8UFK2_Agrobacterium_fabrum_str__C58_reverse_matrix.png,OUTPUT_REPORT/images/Q8UFK2_Agrobacterium_fabrum_str__C58_reverse_histogram.png,,(1 seq),[DETECT_PATTERNS] - Agrobacterium_fabrum_str__C58: Exhausted all fallbacks down to 25th percentile. No diagonal candidates >=2 positions found at user-specified 80%
LexA,Listeria_monocytogenes_EGD-e,Q8Y7H7,IR,Direct,OUTPUT_REPORT/images/Q8Y7H7_Listeria_monocytogenes_EGD-e_weblogo.png,"                 coords  length     score group1 group2  p_value
0      [(6, 0), (7, 1)]       2  2.378963     AA     AA   0.6732
1      [(6, 3), (7, 4)]       2  2.154263     AA     AA   0.9054
2  [(19, 14), (20, 15)]       2  2.194728     TT     TT   0.8642",OUTPUT_REPORT/images/Q8Y7H7_Listeria_monocytogenes_EGD-e_direct_matrix.png,OUTPUT_REPORT/images/Q8Y7H7_Listeria_monocytogenes_EGD-e_direct_histogram.png,OUTPUT_REPORT/images/Q8Y7H7_Listeria_monocytogenes_EGD-e_direct_boot.png,,
LexA,Listeria_monocytogenes_EGD-e,Q8Y7H7,IR,Reverse,OUTPUT_REPORT/images/Q8Y7H7_Listeria_monocytogenes_EGD-e_weblogo.png,"                                 coords  length     score group1 group2  \
0  [(13, 8), (14, 7), (15, 6), (16, 5)]       4  6.423769   GTTC   CAAG   
1                    [(14, 1), (15, 0)]       2  2.168267     TT     AA   
2                    [(19, 7), (20, 6)]       2  2.240445     TT     AA   

   p_value  
0   0.0000  
1   0.8450  
2   0.8168  ",OUTPUT_REPORT/images/Q8Y7H7_Listeria_monocytogenes_EGD-e_reverse_matrix.png,OUTPUT_REPORT/images/Q8Y7H7_Listeria_monocytogenes_EGD-e_reverse_histogram.png,OUTPUT_REPORT/images/Q8Y7H7_Listeria_monocytogenes_EGD-e_reverse_boot.png,,
LexA,Nostoc_sp__PCC_7120,Q8YMM5,DR,Direct,OUTPUT_REPORT/images/Q8YMM5_Nostoc_sp__PCC_7120_weblogo.png,"               coords  length     score group1 group2  p_value
0  [(10, 2), (11, 3)]       2  4.000000     GT     GT   0.1366
1  [(14, 3), (15, 4)]       2  2.994755     TA     TA   0.5850",OUTPUT_REPORT/images/Q8YMM5_Nostoc_sp__PCC_7120_direct_matrix.png,OUTPUT_REPORT/images/Q8YMM5_Nostoc_sp__PCC_7120_direct_histogram.png,OUTPUT_REPORT/images/Q8YMM5_Nostoc_sp__PCC_7120_direct_boot.png,,
LexA,Nostoc_sp__PCC_7120,Q8YMM5,DR,Reverse,OUTPUT_REPORT/images/Q8YMM5_Nostoc_sp__PCC_7120_weblogo.png,"               coords  length     score group1 group2  p_value
0    [(4, 3), (5, 2)]       2  2.994755     AC     TG   0.7366
1  [(10, 5), (11, 4)]       2  2.994755     GT     CA   0.7154",OUTPUT_REPORT/images/Q8YMM5_Nostoc_sp__PCC_7120_reverse_matrix.png,OUTPUT_REPORT/images/Q8YMM5_Nostoc_sp__PCC_7120_reverse_histogram.png,OUTPUT_REPORT/images/Q8YMM5_Nostoc_sp__PCC_7120_reverse_boot.png,,
LexA,Nostoc_sp__PCC_7120,Q8YMM5,IR,Direct,OUTPUT_REPORT/images/Q8YMM5_Nostoc_sp__PCC_7120_weblogo.png,"               coords  length     score group1 group2  p_value
0  [(10, 2), (11, 3)]       2  4.000000     GT     GT   0.1366
1  [(14, 3), (15, 4)]       2  2.994755     TA     TA   0.5850",OUTPUT_REPORT/images/Q8YMM5_Nostoc_sp__PCC_7120_direct_matrix.png,OUTPUT_REPORT/images/Q8YMM5_Nostoc_sp__PCC_7120_direct_histogram.png,OUTPUT_REPORT/images/Q8YMM5_Nostoc_sp__PCC_7120_direct_boot.png,,
LexA,Nostoc_sp__PCC_7120,Q8YMM5,IR,Reverse,OUTPUT_REPORT/images/Q8YMM5_Nostoc_sp__PCC_7120_weblogo.png,"               coords  length     score group1 group2  p_value
0    [(4, 3), (5, 2)]       2  2.994755     AC     TG   0.7366
1  [(10, 5), (11, 4)]       2  2.994755     GT     CA   0.7154",OUTPUT_REPORT/images/Q8YMM5_Nostoc_sp__PCC_7120_reverse_matrix.png,OUTPUT_REPORT/images/Q8YMM5_Nostoc_sp__PCC_7120_reverse_histogram.png,OUTPUT_REPORT/images/Q8YMM5_Nostoc_sp__PCC_7120_reverse_boot.png,,
LexA,Sinorhizobium_meliloti_1021,Q92PW3,DR,Direct,OUTPUT_REPORT/images/Q92PW3_Sinorhizobium_meliloti_1021_weblogo.png,"                                          coords  length     score group1  \
0  [(12, 1), (13, 2), (14, 3), (15, 4), (16, 5)]       5  7.938654  TGTTC   
1                             [(10, 3), (11, 4)]       2  3.083220     TT   
2                             [(11, 3), (12, 4)]       2  3.083220     TT   
3                           [(11, 10), (12, 11)]       2  2.166441     TT   
4                           [(14, 10), (15, 11)]       2  2.506193     TT   

  group2  p_value  
0  TGTTC   0.0038  
1     TT   0.8364  
2     TT   0.8364  
3     TT   0.9660  
4     TT   0.9514  ",OUTPUT_REPORT/images/Q92PW3_Sinorhizobium_meliloti_1021_direct_matrix.png,OUTPUT_REPORT/images/Q92PW3_Sinorhizobium_meliloti_1021_direct_histogram.png,OUTPUT_REPORT/images/Q92PW3_Sinorhizobium_meliloti_1021_direct_boot.png,,
LexA,Sinorhizobium_meliloti_1021,Q92PW3,DR,Reverse,OUTPUT_REPORT/images/Q92PW3_Sinorhizobium_meliloti_1021_weblogo.png,"               coords  length     score group1 group2  p_value
0    [(8, 5), (9, 4)]       2  1.578072     GA     CT   0.4228
1  [(15, 9), (16, 8)]       2  1.578072     TC     AG   0.4228",OUTPUT_REPORT/images/Q92PW3_Sinorhizobium_meliloti_1021_reverse_matrix.png,OUTPUT_REPORT/images/Q92PW3_Sinorhizobium_meliloti_1021_reverse_histogram.png,OUTPUT_REPORT/images/Q92PW3_Sinorhizobium_meliloti_1021_reverse_boot.png,,"[Sinorhizobium_meliloti_1021]: No diagonal candidates were possible at the selected 80% threshold for CollecTF_FASTA/LexA/Sinorhizobium_meliloti_1021/TF_LexA_Q92PW3.fas, automatically reduced to 50%, at value 0.514524699394769."
LexA,Caulobacter_crescentus_CB15,Q9A724,DR,Direct,OUTPUT_REPORT/images/Q9A724_Caulobacter_crescentus_CB15_weblogo.png,"                                          coords  length     score group1  \
0  [(13, 2), (14, 3), (15, 4), (16, 5), (17, 6)]       5  7.888383  TGTTC   

  group2  p_value  
0  TGTTC      0.0  ",OUTPUT_REPORT/images/Q9A724_Caulobacter_crescentus_CB15_direct_matrix.png,OUTPUT_REPORT/images/Q9A724_Caulobacter_crescentus_CB15_direct_histogram.png,OUTPUT_REPORT/images/Q9A724_Caulobacter_crescentus_CB15_direct_boot.png,,
LexA,Caulobacter_crescentus_CB15,Q9A724,DR,Reverse,OUTPUT_REPORT/images/Q9A724_Caulobacter_crescentus_CB15_weblogo.png,"               coords  length     score group1 group2  p_value
0  [(12, 2), (13, 1)]       2  1.229569     AT     TA   0.6948",OUTPUT_REPORT/images/Q9A724_Caulobacter_crescentus_CB15_reverse_matrix.png,OUTPUT_REPORT/images/Q9A724_Caulobacter_crescentus_CB15_reverse_histogram.png,OUTPUT_REPORT/images/Q9A724_Caulobacter_crescentus_CB15_reverse_boot.png,,"[Caulobacter_crescentus_CB15]: No diagonal candidates were possible at the selected 80% threshold for CollecTF_FASTA/LexA/Caulobacter_crescentus_CB15/TF_LexA_Q9A724.fas, automatically reduced to 55%, at value 0.5372969995287977."
LexA,Staphylococcus_aureus_subsp__aureus_COL,Q9L4P1,IR,Direct,OUTPUT_REPORT/images/Q9L4P1_Staphylococcus_aureus_subsp__aureus_COL_weblogo.png,"               coords  length     score group1 group2  p_value
0  [(12, 8), (13, 9)]       2  1.494718     CG     TG   0.9824",OUTPUT_REPORT/images/Q9L4P1_Staphylococcus_aureus_subsp__aureus_COL_direct_matrix.png,OUTPUT_REPORT/images/Q9L4P1_Staphylococcus_aureus_subsp__aureus_COL_direct_histogram.png,OUTPUT_REPORT/images/Q9L4P1_Staphylococcus_aureus_subsp__aureus_COL_direct_boot.png,,"[Staphylococcus_aureus_subsp__aureus_COL]: No diagonal candidates were possible at the selected 80% threshold for CollecTF_FASTA/LexA/Staphylococcus_aureus_subsp__aureus_COL/TF_LexA_Q9L4P1.fas, automatically reduced to 35%, at value 0.6390359490701214."
LexA,Staphylococcus_aureus_subsp__aureus_COL,Q9L4P1,IR,Reverse,OUTPUT_REPORT/images/Q9L4P1_Staphylococcus_aureus_subsp__aureus_COL_weblogo.png,"                                        coords  length     score group1  \
0  [(8, 5), (9, 4), (10, 3), (11, 2), (12, 1)]       5  7.930041  TGTTC   

  group2  p_value  
0  ACAAG      0.0  ",OUTPUT_REPORT/images/Q9L4P1_Staphylococcus_aureus_subsp__aureus_COL_reverse_matrix.png,OUTPUT_REPORT/images/Q9L4P1_Staphylococcus_aureus_subsp__aureus_COL_reverse_histogram.png,OUTPUT_REPORT/images/Q9L4P1_Staphylococcus_aureus_subsp__aureus_COL_reverse_boot.png,,
LexA,Xylella_fastidiosa_9a5c,Q9PH24,IR,Direct,OUTPUT_REPORT/images/Q9PH24_Xylella_fastidiosa_9a5c_weblogo.png,"                        coords  length  score group1 group2  p_value
0  [(13, 4), (14, 5), (15, 6)]       3    6.0    TAA    TAA   0.7262
1             [(4, 1), (5, 2)]       2    4.0     TA     TA   1.0000
2           [(10, 1), (11, 2)]       2    4.0     TA     TA   1.0000
3           [(10, 4), (11, 5)]       2    4.0     TA     TA   1.0000
4           [(13, 1), (14, 2)]       2    4.0     TA     TA   1.0000
5         [(13, 10), (14, 11)]       2    4.0     TA     TA   1.0000",OUTPUT_REPORT/images/Q9PH24_Xylella_fastidiosa_9a5c_direct_matrix.png,OUTPUT_REPORT/images/Q9PH24_Xylella_fastidiosa_9a5c_direct_histogram.png,OUTPUT_REPORT/images/Q9PH24_Xylella_fastidiosa_9a5c_direct_boot.png,(2 seq),
LexA,Xylella_fastidiosa_9a5c,Q9PH24,IR,Reverse,OUTPUT_REPORT/images/Q9PH24_Xylella_fastidiosa_9a5c_weblogo.png,"                                              coords  length  score  group1  \
0  [(10, 5), (11, 4), (12, 3), (13, 2), (14, 1), ...       6   12.0  TACTAA   
1                           [(4, 2), (5, 1), (6, 0)]       3    6.0     TAA   
2                                 [(10, 2), (11, 1)]       2    4.0      TA   
3                                 [(13, 5), (14, 4)]       2    4.0      TA   
4                               [(13, 11), (14, 10)]       2    4.0      TA   

   group2  p_value  
0  ATGATT   0.0008  
1     ATT   0.7474  
2      AT   0.9998  
3      AT   0.9998  
4      AT   0.9998  ",OUTPUT_REPORT/images/Q9PH24_Xylella_fastidiosa_9a5c_reverse_matrix.png,OUTPUT_REPORT/images/Q9PH24_Xylella_fastidiosa_9a5c_reverse_histogram.png,OUTPUT_REPORT/images/Q9PH24_Xylella_fastidiosa_9a5c_reverse_boot.png,(2 seq),
LexA,Acidobacterium_capsulatum_ATCC_51196,Q9ZFA4,DR,Direct,OUTPUT_REPORT/images/Q9ZFA4_Acidobacterium_capsulatum_ATCC_51196_weblogo.png,"                                               coords  length  score  group1  \
0   [(12, 1), (13, 2), (14, 3), (15, 4), (16, 5), ...       6   12.0  CGAACA   
1                   [(7, 6), (8, 7), (9, 8), (10, 9)]       4    8.0    AAAA   
2                           [(8, 6), (9, 7), (10, 8)]       3    6.0     AAA   
3                          [(9, 3), (10, 4), (11, 5)]       3    6.0     AAC   
4                       [(14, 9), (15, 10), (16, 11)]       3    6.0     AAC   
5                                    [(6, 3), (7, 4)]       2    4.0      AA   
6                                    [(7, 3), (8, 4)]       2    4.0      AA   
7                                    [(8, 3), (9, 4)]       2    4.0      AA   
8                                   [(9, 6), (10, 7)]       2    4.0      AA   
9                                  [(14, 6), (15, 7)]       2    4.0      AA   
10                                 [(14, 7), (15, 8)]       2    4.0      AA   
11                                 [(14, 8), (15, 9)]       2    4.0      AA   

    group2  p_value  
0   CGAACA   0.1104  
1     AAAA   0.7844  
2      AAA   0.9996  
3      AAC   0.9996  
4      AAC   0.9996  
5       AA   1.0000  
6       AA   1.0000  
7       AA   1.0000  
8       AA   1.0000  
9       AA   1.0000  
10      AA   1.0000  
11      AA   1.0000  ",OUTPUT_REPORT/images/Q9ZFA4_Acidobacterium_capsulatum_ATCC_51196_direct_matrix.png,OUTPUT_REPORT/images/Q9ZFA4_Acidobacterium_capsulatum_ATCC_51196_direct_histogram.png,OUTPUT_REPORT/images/Q9ZFA4_Acidobacterium_capsulatum_ATCC_51196_direct_boot.png,(2 seq),
LexA,Acidobacterium_capsulatum_ATCC_51196,Q9ZFA4,DR,Reverse,OUTPUT_REPORT/images/Q9ZFA4_Acidobacterium_capsulatum_ATCC_51196_weblogo.png,"               coords  length  score group1 group2  p_value
0  [(12, 2), (13, 1)]       2    4.0     CG     GC   0.7532",OUTPUT_REPORT/images/Q9ZFA4_Acidobacterium_capsulatum_ATCC_51196_reverse_matrix.png,OUTPUT_REPORT/images/Q9ZFA4_Acidobacterium_capsulatum_ATCC_51196_reverse_histogram.png,OUTPUT_REPORT/images/Q9ZFA4_Acidobacterium_capsulatum_ATCC_51196_reverse_boot.png,(2 seq),
LexA,Rhodobacter_sphaeroides_2_4_1,Q9ZFA4,DR,Direct,OUTPUT_REPORT/images/Q9ZFA4_Rhodobacter_sphaeroides_2_4_1_weblogo.png,"                                 coords  length  score group1 group2  p_value
0  [(11, 0), (12, 1), (13, 2), (14, 3)]       4    8.0   GAAC   GAAC    0.004",OUTPUT_REPORT/images/Q9ZFA4_Rhodobacter_sphaeroides_2_4_1_direct_matrix.png,OUTPUT_REPORT/images/Q9ZFA4_Rhodobacter_sphaeroides_2_4_1_direct_histogram.png,OUTPUT_REPORT/images/Q9ZFA4_Rhodobacter_sphaeroides_2_4_1_direct_boot.png,(2 seq),
LexA,Rhodobacter_sphaeroides_2_4_1,Q9ZFA4,DR,Reverse,OUTPUT_REPORT/images/Q9ZFA4_Rhodobacter_sphaeroides_2_4_1_weblogo.png,"                coords  length     score group1 group2  p_value
0     [(7, 6), (8, 5)]       2  1.754887     CG     GC      1.0
1     [(8, 7), (9, 6)]       2  1.754887     GC     CG      1.0
2    [(9, 3), (10, 2)]       2  1.754887     CA     CA      1.0
3  [(13, 10), (14, 9)]       2  1.754887     AC     AC      1.0",OUTPUT_REPORT/images/Q9ZFA4_Rhodobacter_sphaeroides_2_4_1_reverse_matrix.png,OUTPUT_REPORT/images/Q9ZFA4_Rhodobacter_sphaeroides_2_4_1_reverse_histogram.png,OUTPUT_REPORT/images/Q9ZFA4_Rhodobacter_sphaeroides_2_4_1_reverse_boot.png,(2 seq),"[Rhodobacter_sphaeroides_2_4_1]: No diagonal candidates were possible at the selected 80% threshold for CollecTF_FASTA/LexA/Rhodobacter_sphaeroides_2_4_1/TF_LexA_Q9ZFA4.fas, automatically reduced to 30%, at value 0.49999999663380246."
LexA,Rhodobacter_sphaeroides_ATCC_17029,Q9ZFA4,DR,Direct,OUTPUT_REPORT/images/Q9ZFA4_Rhodobacter_sphaeroides_ATCC_17029_weblogo.png,"               coords  length  score group1 group2  p_value
0   [(9, 4), (10, 5)]       2    2.0     AC     AC   0.4148
1  [(13, 2), (14, 3)]       2    3.0     AC     AC   0.2216",OUTPUT_REPORT/images/Q9ZFA4_Rhodobacter_sphaeroides_ATCC_17029_direct_matrix.png,OUTPUT_REPORT/images/Q9ZFA4_Rhodobacter_sphaeroides_ATCC_17029_direct_histogram.png,OUTPUT_REPORT/images/Q9ZFA4_Rhodobacter_sphaeroides_ATCC_17029_direct_boot.png,(2 seq),"[Rhodobacter_sphaeroides_ATCC_17029]: No diagonal candidates were possible at the selected 80% threshold for CollecTF_FASTA/LexA/Rhodobacter_sphaeroides_ATCC_17029/TF_LexA_Q9ZFA4.fas, automatically reduced to 75%, at value 0.9999999932676049."
LexA,Rhodobacter_sphaeroides_ATCC_17029,Q9ZFA4,DR,Reverse,OUTPUT_REPORT/images/Q9ZFA4_Rhodobacter_sphaeroides_ATCC_17029_weblogo.png,"                               coords  length  score group1 group2  p_value
0  [(8, 6), (9, 5), (10, 4), (11, 3)]       4    5.0   GACG   ACAC    0.021
1                    [(2, 1), (3, 0)]       2    3.0     AC     AG    0.532
2                  [(13, 1), (14, 0)]       2    3.0     AC     AG    0.532",OUTPUT_REPORT/images/Q9ZFA4_Rhodobacter_sphaeroides_ATCC_17029_reverse_matrix.png,OUTPUT_REPORT/images/Q9ZFA4_Rhodobacter_sphaeroides_ATCC_17029_reverse_histogram.png,OUTPUT_REPORT/images/Q9ZFA4_Rhodobacter_sphaeroides_ATCC_17029_reverse_boot.png,(2 seq),"[Rhodobacter_sphaeroides_ATCC_17029]: No diagonal candidates were possible at the selected 80% threshold for CollecTF_FASTA/LexA/Rhodobacter_sphaeroides_ATCC_17029/TF_LexA_Q9ZFA4.fas, automatically reduced to 75%, at value 0.9999999932676049."
OmpR,Yersinia_pestis_CO92,A0A0B6P4W3,DR,Direct,OUTPUT_REPORT/images/A0A0B6P4W3_Yersinia_pestis_CO92_weblogo.png,"                        coords  length     score group1 group2  p_value
0  [(12, 1), (13, 2), (14, 3)]       3  2.732164    GTT    GTT   0.0242
1           [(13, 3), (14, 4)]       2  1.745927     TT     TT   0.4570
2         [(14, 13), (15, 14)]       2  1.733280     TT     TT   0.4712",OUTPUT_REPORT/images/A0A0B6P4W3_Yersinia_pestis_CO92_direct_matrix.png,OUTPUT_REPORT/images/A0A0B6P4W3_Yersinia_pestis_CO92_direct_histogram.png,OUTPUT_REPORT/images/A0A0B6P4W3_Yersinia_pestis_CO92_direct_boot.png,(Yersinia pestis KIM10+),
OmpR,Yersinia_pestis_CO92,A0A0B6P4W3,DR,Reverse,OUTPUT_REPORT/images/A0A0B6P4W3_Yersinia_pestis_CO92_weblogo.png,"               coords  length     score group1 group2  p_value
0    [(5, 3), (6, 2)]       2  1.613594     AA     TT   0.3816
1    [(5, 4), (6, 3)]       2  1.267325     AA     TT   0.6212
2  [(13, 6), (14, 5)]       2  1.803419     TT     AA   0.1674
3  [(14, 6), (15, 5)]       2  1.621926     TT     AA   0.3740",OUTPUT_REPORT/images/A0A0B6P4W3_Yersinia_pestis_CO92_reverse_matrix.png,OUTPUT_REPORT/images/A0A0B6P4W3_Yersinia_pestis_CO92_reverse_histogram.png,OUTPUT_REPORT/images/A0A0B6P4W3_Yersinia_pestis_CO92_reverse_boot.png,(Yersinia pestis KIM10+),
OmpR,Yersinia_pestis_KIM10_,A0A0B6P4W3,DR,Direct,OUTPUT_REPORT/images/A0A0B6P4W3_Yersinia_pestis_KIM10__weblogo.png,"                        coords  length     score group1 group2  p_value
0  [(13, 2), (14, 3), (15, 4)]       3  4.747205    GTT    GTT   0.0086
1           [(15, 3), (16, 4)]       2  2.831023     TT     TT   0.2724
2         [(15, 14), (16, 15)]       2  2.976967     TT     TT   0.2172",OUTPUT_REPORT/images/A0A0B6P4W3_Yersinia_pestis_KIM10__direct_matrix.png,OUTPUT_REPORT/images/A0A0B6P4W3_Yersinia_pestis_KIM10__direct_histogram.png,OUTPUT_REPORT/images/A0A0B6P4W3_Yersinia_pestis_KIM10__direct_boot.png,(Yersinia pestis KIM10+),
OmpR,Yersinia_pestis_KIM10_,A0A0B6P4W3,DR,Reverse,OUTPUT_REPORT/images/A0A0B6P4W3_Yersinia_pestis_KIM10__weblogo.png,"               coords  length     score group1 group2  p_value
0  [(16, 6), (17, 5)]       2  1.363108     TA     AT    0.261",OUTPUT_REPORT/images/A0A0B6P4W3_Yersinia_pestis_KIM10__reverse_matrix.png,OUTPUT_REPORT/images/A0A0B6P4W3_Yersinia_pestis_KIM10__reverse_histogram.png,OUTPUT_REPORT/images/A0A0B6P4W3_Yersinia_pestis_KIM10__reverse_boot.png,(Yersinia pestis KIM10+),"[Yersinia_pestis_KIM10_]: No diagonal candidates were possible at the selected 80% threshold for CollecTF_FASTA/OmpR/Yersinia_pestis_KIM10_/TF_PhoP_A0A0B6P4W3.fas, automatically reduced to 70%, at value 0.5464047526522592."
OmpR,Saccharopolyspora_erythraea_NRRL_2338,A4FQD5,DR,Direct,OUTPUT_REPORT/images/A4FQD5_Saccharopolyspora_erythraea_NRRL_2338_weblogo.png,"                        coords  length     score group1 group2  p_value
0  [(13, 2), (14, 3), (15, 4)]       3  3.485881    AAC    AAC   0.0014
1         [(13, 12), (14, 13)]       2  1.979654     AA     AA   0.2338",OUTPUT_REPORT/images/A4FQD5_Saccharopolyspora_erythraea_NRRL_2338_direct_matrix.png,OUTPUT_REPORT/images/A4FQD5_Saccharopolyspora_erythraea_NRRL_2338_direct_histogram.png,OUTPUT_REPORT/images/A4FQD5_Saccharopolyspora_erythraea_NRRL_2338_direct_boot.png,,
OmpR,Saccharopolyspora_erythraea_NRRL_2338,A4FQD5,DR,Reverse,OUTPUT_REPORT/images/A4FQD5_Saccharopolyspora_erythraea_NRRL_2338_weblogo.png,"               coords  length     score group1 group2  p_value
0    [(8, 5), (9, 4)]       2  0.653558     CC     GC   0.8742
1  [(14, 1), (15, 0)]       2  0.651456     AC     TT   0.8818",OUTPUT_REPORT/images/A4FQD5_Saccharopolyspora_erythraea_NRRL_2338_reverse_matrix.png,OUTPUT_REPORT/images/A4FQD5_Saccharopolyspora_erythraea_NRRL_2338_reverse_histogram.png,OUTPUT_REPORT/images/A4FQD5_Saccharopolyspora_erythraea_NRRL_2338_reverse_boot.png,,"[Saccharopolyspora_erythraea_NRRL_2338]: No diagonal candidates were possible at the selected 80% threshold for CollecTF_FASTA/OmpR/Saccharopolyspora_erythraea_NRRL_2338/TF_GlnR_A4FQD5.fas, automatically reduced to 45%, at value 0.2872938347011589."
OmpR,Escherichia_coli_str__K-12_substr__MG1655,P0A9Q1,DR,Direct,OUTPUT_REPORT/images/P0A9Q1_Escherichia_coli_str__K-12_substr__MG1655_weblogo.png,"                                 coords  length     score group1 group2  \
0  [(13, 2), (14, 3), (15, 4), (16, 5)]       4  5.201746   GTTA   GTTA   
1                      [(3, 0), (4, 1)]       2  1.579132     TT     TT   
2                    [(14, 0), (15, 1)]       2  1.510582     TT     TT   

   p_value  
0   0.0000  
1   0.6578  
2   0.6690  ",OUTPUT_REPORT/images/P0A9Q1_Escherichia_coli_str__K-12_substr__MG1655_direct_matrix.png,OUTPUT_REPORT/images/P0A9Q1_Escherichia_coli_str__K-12_substr__MG1655_direct_histogram.png,OUTPUT_REPORT/images/P0A9Q1_Escherichia_coli_str__K-12_substr__MG1655_direct_boot.png,,
OmpR,Escherichia_coli_str__K-12_substr__MG1655,P0A9Q1,DR,Reverse,OUTPUT_REPORT/images/P0A9Q1_Escherichia_coli_str__K-12_substr__MG1655_weblogo.png,"                                 coords  length     score group1 group2  \
0  [(14, 6), (15, 5), (16, 4), (17, 3)]       4  3.312507   TTAA   AATT   
1                      [(5, 4), (6, 3)]       2  1.878841     AA     TT   
2                  [(16, 15), (17, 14)]       2  1.470778     AA     TT   

   p_value  
0   0.0012  
1   0.3542  
2   0.6728  ",OUTPUT_REPORT/images/P0A9Q1_Escherichia_coli_str__K-12_substr__MG1655_reverse_matrix.png,OUTPUT_REPORT/images/P0A9Q1_Escherichia_coli_str__K-12_substr__MG1655_reverse_histogram.png,OUTPUT_REPORT/images/P0A9Q1_Escherichia_coli_str__K-12_substr__MG1655_reverse_boot.png,,
OmpR,Caulobacter_crescentus_CB15,P0CAW8,DR,Direct,OUTPUT_REPORT/images/P0CAW8_Caulobacter_crescentus_CB15_weblogo.png,"             coords  length    score group1 group2  p_value
0  [(8, 0), (9, 1)]       2  2.50683     CT     CT   0.2864",OUTPUT_REPORT/images/P0CAW8_Caulobacter_crescentus_CB15_direct_matrix.png,OUTPUT_REPORT/images/P0CAW8_Caulobacter_crescentus_CB15_direct_histogram.png,OUTPUT_REPORT/images/P0CAW8_Caulobacter_crescentus_CB15_direct_boot.png,( Caulobacter crescentus NA1000),
OmpR,Caulobacter_crescentus_CB15,P0CAW8,DR,Reverse,OUTPUT_REPORT/images/P0CAW8_Caulobacter_crescentus_CB15_weblogo.png,"                        coords  length     score group1 group2  p_value
0  [(12, 3), (13, 2), (14, 1)]       3  4.393923    TAA    AAT   0.0202
1             [(8, 5), (9, 4)]       2  1.782610     CT     GC   0.8682",OUTPUT_REPORT/images/P0CAW8_Caulobacter_crescentus_CB15_reverse_matrix.png,OUTPUT_REPORT/images/P0CAW8_Caulobacter_crescentus_CB15_reverse_histogram.png,OUTPUT_REPORT/images/P0CAW8_Caulobacter_crescentus_CB15_reverse_boot.png,( Caulobacter crescentus NA1000),"[Caulobacter_crescentus_CB15]: No diagonal candidates were possible at the selected 80% threshold for CollecTF_FASTA/OmpR/Caulobacter_crescentus_CB15/TF_CtrA_P0CAW8.fas, automatically reduced to 70%, at value 0.8432203469336317."
OmpR,Caulobacter_crescentus_NA1000,P0CAW8,DR,Direct,OUTPUT_REPORT/images/P0CAW8_Caulobacter_crescentus_NA1000_weblogo.png,"                                 coords  length     score group1 group2  \
0  [(12, 1), (13, 2), (14, 3), (15, 4)]       4  5.299858   TTAA   TTAA   

   p_value  
0      0.0  ",OUTPUT_REPORT/images/P0CAW8_Caulobacter_crescentus_NA1000_direct_matrix.png,OUTPUT_REPORT/images/P0CAW8_Caulobacter_crescentus_NA1000_direct_histogram.png,OUTPUT_REPORT/images/P0CAW8_Caulobacter_crescentus_NA1000_direct_boot.png,( Caulobacter crescentus NA1000),
OmpR,Caulobacter_crescentus_NA1000,P0CAW8,DR,Reverse,OUTPUT_REPORT/images/P0CAW8_Caulobacter_crescentus_NA1000_weblogo.png,"                                 coords  length     score group1 group2  \
0  [(12, 4), (13, 3), (14, 2), (15, 1)]       4  5.420997   TTAA   AATT   
1        [(14, 13), (15, 12), (16, 11)]       3  3.652710    AAC    TTG   
2                      [(3, 2), (4, 1)]       2  2.134146     AA     TT   

   p_value  
0   0.0002  
1   0.0242  
2   0.5556  ",OUTPUT_REPORT/images/P0CAW8_Caulobacter_crescentus_NA1000_reverse_matrix.png,OUTPUT_REPORT/images/P0CAW8_Caulobacter_crescentus_NA1000_reverse_histogram.png,OUTPUT_REPORT/images/P0CAW8_Caulobacter_crescentus_NA1000_reverse_boot.png,( Caulobacter crescentus NA1000),
OmpR,Salmonella_enterica_subsp__enterica_serovar_Typhimurium_str__LT2,P0DM78,DR,Direct,OUTPUT_REPORT/images/P0DM78_Salmonella_enterica_subsp__enterica_serovar_Typhimurium_str__LT2_weblogo.png,"                                          coords  length     score group1  \
0  [(15, 4), (16, 5), (17, 6), (18, 7), (19, 8)]       5  5.945906  GTTTA   
1                               [(6, 5), (7, 6)]       2  2.583122     TT   
2                             [(16, 6), (17, 7)]       2  2.612901     TT   
3                             [(17, 5), (18, 6)]       2  2.654528     TT   
4                           [(17, 16), (18, 17)]       2  2.684308     TT   

  group2  p_value  
0  GTTTA   0.0000  
1     TT   0.2564  
2     TT   0.2306  
3     TT   0.2114  
4     TT   0.1832  ",OUTPUT_REPORT/images/P0DM78_Salmonella_enterica_subsp__enterica_serovar_Typhimurium_str__LT2_direct_matrix.png,OUTPUT_REPORT/images/P0DM78_Salmonella_enterica_subsp__enterica_serovar_Typhimurium_str__LT2_direct_histogram.png,OUTPUT_REPORT/images/P0DM78_Salmonella_enterica_subsp__enterica_serovar_Typhimurium_str__LT2_direct_boot.png,,
OmpR,Salmonella_enterica_subsp__enterica_serovar_Typhimurium_str__LT2,P0DM78,DR,Reverse,OUTPUT_REPORT/images/P0DM78_Salmonella_enterica_subsp__enterica_serovar_Typhimurium_str__LT2_weblogo.png,"               coords  length     score group1 group2  p_value
0  [(18, 8), (19, 7)]       2  2.165651     TA     AT   0.2138",OUTPUT_REPORT/images/P0DM78_Salmonella_enterica_subsp__enterica_serovar_Typhimurium_str__LT2_reverse_matrix.png,OUTPUT_REPORT/images/P0DM78_Salmonella_enterica_subsp__enterica_serovar_Typhimurium_str__LT2_reverse_histogram.png,OUTPUT_REPORT/images/P0DM78_Salmonella_enterica_subsp__enterica_serovar_Typhimurium_str__LT2_reverse_boot.png,,
OmpR,Escherichia_coli_str__K-12_substr__MG1655,P23836,DR,Direct,OUTPUT_REPORT/images/P23836_Escherichia_coli_str__K-12_substr__MG1655_weblogo.png,"                                 coords  length     score group1 group2  \
0  [(14, 3), (15, 4), (16, 5), (17, 6)]       4  4.274988   TGTT   TGTT   
1                    [(16, 6), (17, 7)]       2  2.125920     TT     TT   

   p_value  
0   0.0020  
1   0.3516  ",OUTPUT_REPORT/images/P23836_Escherichia_coli_str__K-12_substr__MG1655_direct_matrix.png,OUTPUT_REPORT/images/P23836_Escherichia_coli_str__K-12_substr__MG1655_direct_histogram.png,OUTPUT_REPORT/images/P23836_Escherichia_coli_str__K-12_substr__MG1655_direct_boot.png,(Escherichia coli str. K-12 substr. W3110),
OmpR,Escherichia_coli_str__K-12_substr__MG1655,P23836,DR,Reverse,OUTPUT_REPORT/images/P23836_Escherichia_coli_str__K-12_substr__MG1655_weblogo.png,"               coords  length     score group1 group2  p_value
0  [(18, 8), (19, 7)]       2  1.539139     TA     AT   0.3714",OUTPUT_REPORT/images/P23836_Escherichia_coli_str__K-12_substr__MG1655_reverse_matrix.png,OUTPUT_REPORT/images/P23836_Escherichia_coli_str__K-12_substr__MG1655_reverse_histogram.png,OUTPUT_REPORT/images/P23836_Escherichia_coli_str__K-12_substr__MG1655_reverse_boot.png,(Escherichia coli str. K-12 substr. W3110),
OmpR,Escherichia_coli_str__K-12_substr__W3110,P23836,DR,Direct,OUTPUT_REPORT/images/P23836_Escherichia_coli_str__K-12_substr__W3110_weblogo.png,"                                          coords  length     score group1  \
0  [(12, 1), (13, 2), (14, 3), (15, 4), (16, 5)]       5  7.606899  GTTTA   
1                               [(3, 2), (4, 3)]       2  3.632542     TT   
2                             [(13, 3), (14, 4)]       2  3.632542     TT   
3                             [(14, 2), (15, 3)]       2  2.872327     TT   
4                           [(14, 13), (15, 14)]       2  2.966229     TT   

  group2  p_value  
0  GTTTA   0.0028  
1     TT   0.4030  
2     TT   0.4030  
3     TT   0.8780  
4     TT   0.8698  ",OUTPUT_REPORT/images/P23836_Escherichia_coli_str__K-12_substr__W3110_direct_matrix.png,OUTPUT_REPORT/images/P23836_Escherichia_coli_str__K-12_substr__W3110_direct_histogram.png,OUTPUT_REPORT/images/P23836_Escherichia_coli_str__K-12_substr__W3110_direct_boot.png,(Escherichia coli str. K-12 substr. W3110),
OmpR,Escherichia_coli_str__K-12_substr__W3110,P23836,DR,Reverse,OUTPUT_REPORT/images/P23836_Escherichia_coli_str__K-12_substr__W3110_weblogo.png,"               coords  length     score group1 group2  p_value
0  [(15, 5), (16, 4)]       2  3.027588     TA     AT    0.273",OUTPUT_REPORT/images/P23836_Escherichia_coli_str__K-12_substr__W3110_reverse_matrix.png,OUTPUT_REPORT/images/P23836_Escherichia_coli_str__K-12_substr__W3110_reverse_histogram.png,OUTPUT_REPORT/images/P23836_Escherichia_coli_str__K-12_substr__W3110_reverse_boot.png,(Escherichia coli str. K-12 substr. W3110),
OmpR,Pseudomonas_fluorescens_Pf0-1,Q3K4G1,DR,Direct,OUTPUT_REPORT/images/Q3K4G1_Pseudomonas_fluorescens_Pf0-1_weblogo.png,"                                 coords  length     score group1 group2  \
0  [(13, 2), (14, 3), (15, 4), (16, 5)]       4  5.695954   GTCA   GTCA   

   p_value  
0      0.0  ",OUTPUT_REPORT/images/Q3K4G1_Pseudomonas_fluorescens_Pf0-1_direct_matrix.png,OUTPUT_REPORT/images/Q3K4G1_Pseudomonas_fluorescens_Pf0-1_direct_histogram.png,OUTPUT_REPORT/images/Q3K4G1_Pseudomonas_fluorescens_Pf0-1_direct_boot.png,,
OmpR,Pseudomonas_fluorescens_Pf0-1,Q3K4G1,DR,Reverse,OUTPUT_REPORT/images/Q3K4G1_Pseudomonas_fluorescens_Pf0-1_weblogo.png,"               coords  length     score group1 group2  p_value
0    [(4, 2), (5, 1)]       2  3.188722     CA     GT   0.1764
1  [(15, 2), (16, 1)]       2  3.318510     CA     GT   0.1246",OUTPUT_REPORT/images/Q3K4G1_Pseudomonas_fluorescens_Pf0-1_reverse_matrix.png,OUTPUT_REPORT/images/Q3K4G1_Pseudomonas_fluorescens_Pf0-1_reverse_histogram.png,OUTPUT_REPORT/images/Q3K4G1_Pseudomonas_fluorescens_Pf0-1_reverse_boot.png,,
OmpR,Yersinia_pestis_biovar_Microtus_str__91001,Q7CFX0,DR,Direct,OUTPUT_REPORT/images/Q7CFX0_Yersinia_pestis_biovar_Microtus_str__91001_weblogo.png,"             coords  length     score group1 group2  p_value
0  [(8, 7), (9, 8)]       2  1.723222     TT     TT    0.784",OUTPUT_REPORT/images/Q7CFX0_Yersinia_pestis_biovar_Microtus_str__91001_direct_matrix.png,OUTPUT_REPORT/images/Q7CFX0_Yersinia_pestis_biovar_Microtus_str__91001_direct_histogram.png,OUTPUT_REPORT/images/Q7CFX0_Yersinia_pestis_biovar_Microtus_str__91001_direct_boot.png,,"[Yersinia_pestis_biovar_Microtus_str__91001]: No diagonal candidates were possible at the selected 80% threshold for CollecTF_FASTA/OmpR/Yersinia_pestis_biovar_Microtus_str__91001/TF_OmpR_Q7CFX0.fas, automatically reduced to 75%, at value 0.8013013559506053."
OmpR,Yersinia_pestis_biovar_Microtus_str__91001,Q7CFX0,DR,Reverse,OUTPUT_REPORT/images/Q7CFX0_Yersinia_pestis_biovar_Microtus_str__91001_weblogo.png,"                          coords  length     score group1 group2  p_value
0  [(13, 11), (14, 10), (15, 9)]       3  3.271546    ACA    TGT    0.019",OUTPUT_REPORT/images/Q7CFX0_Yersinia_pestis_biovar_Microtus_str__91001_reverse_matrix.png,OUTPUT_REPORT/images/Q7CFX0_Yersinia_pestis_biovar_Microtus_str__91001_reverse_histogram.png,OUTPUT_REPORT/images/Q7CFX0_Yersinia_pestis_biovar_Microtus_str__91001_reverse_boot.png,,
OmpR,Yersinia_pseudotuberculosis_YPIII,Q7CFX0,DR,Direct,OUTPUT_REPORT/images/Q7CFX0_Yersinia_pseudotuberculosis_YPIII_weblogo.png,"                 coords  length  score group1 group2  p_value
0      [(5, 1), (6, 2)]       2    4.0     TT     TT   0.9408
1  [(11, 10), (12, 11)]       2    4.0     AA     AA   0.9408
2    [(15, 1), (16, 2)]       2    4.0     TT     TT   0.9408
3    [(15, 5), (16, 6)]       2    4.0     TT     TT   0.9408",OUTPUT_REPORT/images/Q7CFX0_Yersinia_pseudotuberculosis_YPIII_direct_matrix.png,OUTPUT_REPORT/images/Q7CFX0_Yersinia_pseudotuberculosis_YPIII_direct_histogram.png,OUTPUT_REPORT/images/Q7CFX0_Yersinia_pseudotuberculosis_YPIII_direct_boot.png,,
OmpR,Yersinia_pseudotuberculosis_YPIII,Q7CFX0,DR,Reverse,OUTPUT_REPORT/images/Q7CFX0_Yersinia_pseudotuberculosis_YPIII_weblogo.png,"                 coords  length  score group1 group2  p_value
0    [(10, 2), (11, 1)]       2    4.0     AA     TT   0.7238
1    [(10, 6), (11, 5)]       2    4.0     AA     TT   0.7238
2    [(11, 2), (12, 1)]       2    4.0     AA     TT   0.7238
3    [(11, 6), (12, 5)]       2    4.0     AA     TT   0.7238
4  [(15, 11), (16, 10)]       2    4.0     TT     AA   0.7238
5  [(15, 12), (16, 11)]       2    4.0     TT     AA   0.7238",OUTPUT_REPORT/images/Q7CFX0_Yersinia_pseudotuberculosis_YPIII_reverse_matrix.png,OUTPUT_REPORT/images/Q7CFX0_Yersinia_pseudotuberculosis_YPIII_reverse_histogram.png,OUTPUT_REPORT/images/Q7CFX0_Yersinia_pseudotuberculosis_YPIII_reverse_boot.png,,
OmpR,Pseudomonas_syringae_pv__tomato_str__DC3000,Q883X4,IR,Direct,OUTPUT_REPORT/images/Q883X4_Pseudomonas_syringae_pv__tomato_str__DC3000_weblogo.png,"               coords  length     score group1 group2  p_value
0  [(13, 1), (14, 2)]       2  3.497377     TA     TA   0.1126",OUTPUT_REPORT/images/Q883X4_Pseudomonas_syringae_pv__tomato_str__DC3000_direct_matrix.png,OUTPUT_REPORT/images/Q883X4_Pseudomonas_syringae_pv__tomato_str__DC3000_direct_histogram.png,OUTPUT_REPORT/images/Q883X4_Pseudomonas_syringae_pv__tomato_str__DC3000_direct_boot.png,(?? https://apsjournals.apsnet.org/doi/pdf/10.1094/MPMI-23-7-0927),
OmpR,Pseudomonas_syringae_pv__tomato_str__DC3000,Q883X4,IR,Reverse,OUTPUT_REPORT/images/Q883X4_Pseudomonas_syringae_pv__tomato_str__DC3000_weblogo.png,"                        coords  length     score group1 group2  p_value
0  [(13, 2), (14, 1), (15, 0)]       3  5.497377    TAC    ATG   0.0066",OUTPUT_REPORT/images/Q883X4_Pseudomonas_syringae_pv__tomato_str__DC3000_reverse_matrix.png,OUTPUT_REPORT/images/Q883X4_Pseudomonas_syringae_pv__tomato_str__DC3000_reverse_histogram.png,OUTPUT_REPORT/images/Q883X4_Pseudomonas_syringae_pv__tomato_str__DC3000_reverse_boot.png,(?? https://apsjournals.apsnet.org/doi/pdf/10.1094/MPMI-23-7-0927),
OmpR,Pseudomonas_putida_KT2440,Q88PE9,DR,Direct,OUTPUT_REPORT/images/Q88PE9_Pseudomonas_putida_KT2440_weblogo.png,"                                          coords  length     score group1  \
0  [(8, 7), (9, 8), (10, 9), (11, 10), (12, 11)]       5  9.553372  TTTTT   
1           [(9, 7), (10, 8), (11, 9), (12, 10)]       4  7.553372   TTTT   
2                    [(10, 7), (11, 8), (12, 9)]       3  5.553372    TTT   
3                             [(11, 7), (12, 8)]       2  3.553372     TT   
4                             [(14, 3), (15, 4)]       2  3.553372     AC   

  group2  p_value  
0  TTTTT   0.0018  
1   TTTT   0.0220  
2    TTT   0.1832  
3     TT   0.9202  
4     AC   0.9202  ",OUTPUT_REPORT/images/Q88PE9_Pseudomonas_putida_KT2440_direct_matrix.png,OUTPUT_REPORT/images/Q88PE9_Pseudomonas_putida_KT2440_direct_histogram.png,OUTPUT_REPORT/images/Q88PE9_Pseudomonas_putida_KT2440_direct_boot.png,(https://pmc.ncbi.nlm.nih.gov/articles/PMC2689224/),
OmpR,Pseudomonas_putida_KT2440,Q88PE9,DR,Reverse,OUTPUT_REPORT/images/Q88PE9_Pseudomonas_putida_KT2440_weblogo.png,No candidates found,OUTPUT_REPORT/images/Q88PE9_Pseudomonas_putida_KT2440_reverse_matrix.png,OUTPUT_REPORT/images/Q88PE9_Pseudomonas_putida_KT2440_reverse_histogram.png,,(https://pmc.ncbi.nlm.nih.gov/articles/PMC2689224/),[DETECT_PATTERNS] - Pseudomonas_putida_KT2440: Exhausted all fallbacks down to 25th percentile. No diagonal candidates >=2 positions found at user-specified 80%
OmpR,Shewanella_oneidensis_MR-1,Q8EAB9,DR,Direct,OUTPUT_REPORT/images/Q8EAB9_Shewanella_oneidensis_MR-1_weblogo.png,"               coords  length     score group1 group2  p_value
0  [(11, 0), (12, 1)]       2  3.375307     GT     GT     0.15",OUTPUT_REPORT/images/Q8EAB9_Shewanella_oneidensis_MR-1_direct_matrix.png,OUTPUT_REPORT/images/Q8EAB9_Shewanella_oneidensis_MR-1_direct_histogram.png,OUTPUT_REPORT/images/Q8EAB9_Shewanella_oneidensis_MR-1_direct_boot.png,,
OmpR,Shewanella_oneidensis_MR-1,Q8EAB9,DR,Reverse,OUTPUT_REPORT/images/Q8EAB9_Shewanella_oneidensis_MR-1_weblogo.png,"             coords  length     score group1 group2  p_value
0  [(3, 2), (4, 1)]       2  2.622849     AA     TT   0.5806",OUTPUT_REPORT/images/Q8EAB9_Shewanella_oneidensis_MR-1_reverse_matrix.png,OUTPUT_REPORT/images/Q8EAB9_Shewanella_oneidensis_MR-1_reverse_histogram.png,OUTPUT_REPORT/images/Q8EAB9_Shewanella_oneidensis_MR-1_reverse_boot.png,,
OmpR,Shewanella_oneidensis_MR-1,Q8EHJ3,DR,Direct,OUTPUT_REPORT/images/Q8EHJ3_Shewanella_oneidensis_MR-1_weblogo.png,"                                              coords  length  score  group1  \
0  [(10, 0), (11, 1), (12, 2), (13, 3), (14, 4), ...       6   12.0  TTCATA   

   group2  p_value  
0  TTCATA    0.002  ",OUTPUT_REPORT/images/Q8EHJ3_Shewanella_oneidensis_MR-1_direct_matrix.png,OUTPUT_REPORT/images/Q8EHJ3_Shewanella_oneidensis_MR-1_direct_histogram.png,OUTPUT_REPORT/images/Q8EHJ3_Shewanella_oneidensis_MR-1_direct_boot.png,,
OmpR,Shewanella_oneidensis_MR-1,Q8EHJ3,DR,Reverse,OUTPUT_REPORT/images/Q8EHJ3_Shewanella_oneidensis_MR-1_weblogo.png,"               coords  length  score group1 group2  p_value
0  [(13, 4), (14, 3)]       2    4.0     AT     TA   0.9824
1  [(14, 5), (15, 4)]       2    4.0     TA     AT   0.9824",OUTPUT_REPORT/images/Q8EHJ3_Shewanella_oneidensis_MR-1_reverse_matrix.png,OUTPUT_REPORT/images/Q8EHJ3_Shewanella_oneidensis_MR-1_reverse_histogram.png,OUTPUT_REPORT/images/Q8EHJ3_Shewanella_oneidensis_MR-1_reverse_boot.png,,
