MEME Folder,Motif Number,Analyzed Direction,Matrix Path,Histogram Path,Bootstrap Path,Analysis Note,coords,length,score,group1,group2,p_value,Inverted_Pval
meme_out_1,1,Direct,MEME_OUT_REPORT/images/meme_out_1_motif1_direct_matrix.png,MEME_OUT_REPORT/images/meme_out_1_motif1_direct_histogram.png,MEME_OUT_REPORT/images/meme_out_1_motif1_direct_boot.png,,"[(16, 5), (17, 6), (18, 7), (19, 8)]",4,6.814348160431015,GTCA,GTCA,0.050179928028788484,0.9498200719712115
meme_out_1,10,Direct,MEME_OUT_REPORT/images/meme_out_1_motif10_direct_matrix.png,MEME_OUT_REPORT/images/meme_out_1_motif10_direct_histogram.png,MEME_OUT_REPORT/images/meme_out_1_motif10_direct_boot.png,,"[(13, 0), (14, 1)]",2,2.850534592794146,GA,GA,0.4832067173130748,0.5167932826869253
meme_out_1,2,Direct,MEME_OUT_REPORT/images/meme_out_1_motif2_direct_matrix.png,MEME_OUT_REPORT/images/meme_out_1_motif2_direct_histogram.png,MEME_OUT_REPORT/images/meme_out_1_motif2_direct_boot.png,,"[(21, 0), (22, 1), (23, 2), (24, 3), (25, 4)]",5,9.649394330241655,GTAAA,GTAAA,0.00019992003198720512,0.9998000799680128
meme_out_1,3,Reverse,MEME_OUT_REPORT/images/meme_out_1_motif3_reverse_matrix.png,MEME_OUT_REPORT/images/meme_out_1_motif3_reverse_histogram.png,MEME_OUT_REPORT/images/meme_out_1_motif3_reverse_boot.png,,"[(9, 8), (10, 7), (11, 6)]",3,4.508598242786416,AGC,GCT,0.23730507796881248,0.7626949220311875
meme_out_1,4,Reverse,MEME_OUT_REPORT/images/meme_out_1_motif4_reverse_matrix.png,MEME_OUT_REPORT/images/meme_out_1_motif4_reverse_histogram.png,MEME_OUT_REPORT/images/meme_out_1_motif4_reverse_boot.png,,"[(18, 9), (19, 8), (20, 7), (21, 6), (22, 5), (23, 4)]",6,11.1093689232072,TTGTAA,TTACAA,0.00019992003198720512,0.9998000799680128
meme_out_1,5,Reverse,MEME_OUT_REPORT/images/meme_out_1_motif5_reverse_matrix.png,MEME_OUT_REPORT/images/meme_out_1_motif5_reverse_histogram.png,MEME_OUT_REPORT/images/meme_out_1_motif5_reverse_boot.png,,"[(22, 16), (23, 15), (24, 14)]",3,5.378209077492734,AAA,TTT,0.1361455417832867,0.8638544582167134
meme_out_1,6,Reverse,MEME_OUT_REPORT/images/meme_out_1_motif6_reverse_matrix.png,MEME_OUT_REPORT/images/meme_out_1_motif6_reverse_histogram.png,MEME_OUT_REPORT/images/meme_out_1_motif6_reverse_boot.png,,"[(16, 6), (17, 5), (18, 4), (19, 3), (20, 2), (21, 1), (22, 0)]",7,13.999999927209851,GGCTCGC,GCGAGCC,0.00019992003198720512,0.9998000799680128
meme_out_1,7,Direct,MEME_OUT_REPORT/images/meme_out_1_motif7_direct_matrix.png,MEME_OUT_REPORT/images/meme_out_1_motif7_direct_histogram.png,MEME_OUT_REPORT/images/meme_out_1_motif7_direct_boot.png,,"[(8, 7), (9, 8)]",2,3.9999999792028142,AA,AA,0.14594162335065974,0.8540583766493403
meme_out_1,8,Reverse,MEME_OUT_REPORT/images/meme_out_1_motif8_reverse_matrix.png,MEME_OUT_REPORT/images/meme_out_1_motif8_reverse_histogram.png,MEME_OUT_REPORT/images/meme_out_1_motif8_reverse_boot.png,,"[(10, 1), (11, 0)]",2,3.4606813602583895,AT,AT,0.2265093962415034,0.7734906037584965
meme_out_1,9,Direct,MEME_OUT_REPORT/images/meme_out_1_motif9_direct_matrix.png,MEME_OUT_REPORT/images/meme_out_1_motif9_direct_histogram.png,MEME_OUT_REPORT/images/meme_out_1_motif9_direct_boot.png,,"[(3, 0), (4, 1)]",2,3.716505200699473,AT,AT,0.31507397041183527,0.6849260295881647
meme_out_2,1,Reverse,MEME_OUT_REPORT/images/meme_out_2_motif1_reverse_matrix.png,MEME_OUT_REPORT/images/meme_out_2_motif1_reverse_histogram.png,MEME_OUT_REPORT/images/meme_out_2_motif1_reverse_boot.png,,"[(16, 9), (17, 8), (18, 7)]",3,5.9307880524289525,TGA,TCA,0.18832467013194723,0.8116753298680528
meme_out_2,10,Reverse,MEME_OUT_REPORT/images/meme_out_2_motif10_reverse_matrix.png,MEME_OUT_REPORT/images/meme_out_2_motif10_reverse_histogram.png,MEME_OUT_REPORT/images/meme_out_2_motif10_reverse_boot.png,,"[(4, 2), (5, 1)]",2,3.7976060563867233,GT,AC,0.2031187524990004,0.7968812475009996
meme_out_2,2,Direct,MEME_OUT_REPORT/images/meme_out_2_motif2_direct_matrix.png,MEME_OUT_REPORT/images/meme_out_2_motif2_direct_histogram.png,MEME_OUT_REPORT/images/meme_out_2_motif2_direct_boot.png,,"[(14, 3), (15, 4), (16, 5), (17, 6)]",4,7.870755552468601,TTCA,TTCA,0.0005997600959616154,0.9994002399040384
meme_out_2,3,Reverse,MEME_OUT_REPORT/images/meme_out_2_motif3_reverse_matrix.png,MEME_OUT_REPORT/images/meme_out_2_motif3_reverse_histogram.png,MEME_OUT_REPORT/images/meme_out_2_motif3_reverse_boot.png,,"[(21, 3), (22, 2), (23, 1), (24, 0)]",4,7.337410084739699,TACC,GGTA,0.001599360255897641,0.9984006397441023
meme_out_2,4,Reverse,MEME_OUT_REPORT/images/meme_out_2_motif4_reverse_matrix.png,MEME_OUT_REPORT/images/meme_out_2_motif4_reverse_histogram.png,MEME_OUT_REPORT/images/meme_out_2_motif4_reverse_boot.png,,"[(14, 7), (15, 6), (16, 5), (17, 4), (18, 3)]",5,7.322963406131982,ATTAC,GTAAT,0.00019992003198720512,0.9998000799680128
meme_out_2,5,Reverse,MEME_OUT_REPORT/images/meme_out_2_motif5_reverse_matrix.png,MEME_OUT_REPORT/images/meme_out_2_motif5_reverse_histogram.png,MEME_OUT_REPORT/images/meme_out_2_motif5_reverse_boot.png,,"[(16, 6), (17, 5), (18, 4), (19, 3), (20, 2), (21, 1), (22, 0)]",7,13.999999927209851,GGCTCGC,GCGAGCC,0.00019992003198720512,0.9998000799680128
meme_out_2,6,Direct,MEME_OUT_REPORT/images/meme_out_2_motif6_direct_matrix.png,MEME_OUT_REPORT/images/meme_out_2_motif6_direct_histogram.png,MEME_OUT_REPORT/images/meme_out_2_motif6_direct_boot.png,,"[(13, 2), (14, 3), (15, 4), (16, 5), (17, 6)]",5,8.03353634387359,TTAAG,TTAAC,0.00019992003198720512,0.9998000799680128
meme_out_2,7,Direct,MEME_OUT_REPORT/images/meme_out_2_motif7_direct_matrix.png,MEME_OUT_REPORT/images/meme_out_2_motif7_direct_histogram.png,MEME_OUT_REPORT/images/meme_out_2_motif7_direct_boot.png,,"[(14, 5), (15, 6), (16, 7)]",3,3.9231546672978075,ACC,ACC,0.14734106357457016,0.8526589364254298
meme_out_2,8,Reverse,MEME_OUT_REPORT/images/meme_out_2_motif8_reverse_matrix.png,MEME_OUT_REPORT/images/meme_out_2_motif8_reverse_histogram.png,MEME_OUT_REPORT/images/meme_out_2_motif8_reverse_boot.png,,"[(18, 12), (19, 11), (20, 10), (21, 9), (22, 8), (23, 7)]",6,8.89159686213998,GGTTTA,TAAACC,0.00039984006397441024,0.9996001599360256
meme_out_2,9,Direct,MEME_OUT_REPORT/images/meme_out_2_motif9_direct_matrix.png,MEME_OUT_REPORT/images/meme_out_2_motif9_direct_histogram.png,MEME_OUT_REPORT/images/meme_out_2_motif9_direct_boot.png,,"[(15, 10), (16, 11)]",2,3.3310043948679455,CT,CT,0.5549780087964814,0.4450219912035186
meme_out_3,1,Direct,MEME_OUT_REPORT/images/meme_out_3_motif1_direct_matrix.png,MEME_OUT_REPORT/images/meme_out_3_motif1_direct_histogram.png,MEME_OUT_REPORT/images/meme_out_3_motif1_direct_boot.png,,"[(3, 0), (4, 1)]",2,3.8425395846057695,AA,AA,0.608156737305078,0.391843262694922
meme_out_3,10,Reverse,MEME_OUT_REPORT/images/meme_out_3_motif10_reverse_matrix.png,MEME_OUT_REPORT/images/meme_out_3_motif10_reverse_histogram.png,MEME_OUT_REPORT/images/meme_out_3_motif10_reverse_boot.png,,"[(21, 4), (22, 3), (23, 2), (24, 1)]",4,6.321919547310282,AAAA,TTTT,0.03718512594962015,0.9628148740503798
meme_out_3,2,Reverse,MEME_OUT_REPORT/images/meme_out_3_motif2_reverse_matrix.png,MEME_OUT_REPORT/images/meme_out_3_motif2_reverse_histogram.png,MEME_OUT_REPORT/images/meme_out_3_motif2_reverse_boot.png,,"[(16, 8), (17, 7), (18, 6), (19, 5)]",4,6.585638346317812,TGTA,TACA,0.038584566173530586,0.9614154338264694
meme_out_3,3,Direct,MEME_OUT_REPORT/images/meme_out_3_motif3_direct_matrix.png,MEME_OUT_REPORT/images/meme_out_3_motif3_direct_histogram.png,MEME_OUT_REPORT/images/meme_out_3_motif3_direct_boot.png,,"[(22, 8), (23, 9)]",2,3.7650739711781163,CT,CT,0.3220711715313874,0.6779288284686126
meme_out_3,4,Reverse,MEME_OUT_REPORT/images/meme_out_3_motif4_reverse_matrix.png,MEME_OUT_REPORT/images/meme_out_3_motif4_reverse_histogram.png,MEME_OUT_REPORT/images/meme_out_3_motif4_reverse_boot.png,,"[(14, 6), (15, 5), (16, 4), (17, 3), (18, 2)]",5,6.69790699784929,TGCAC,GTGCA,0.00019992003198720512,0.9998000799680128
meme_out_3,5,Direct,MEME_OUT_REPORT/images/meme_out_3_motif5_direct_matrix.png,MEME_OUT_REPORT/images/meme_out_3_motif5_direct_histogram.png,MEME_OUT_REPORT/images/meme_out_3_motif5_direct_boot.png,,"[(11, 9), (12, 10), (13, 11)]",3,3.7255357055650746,AAA,AAA,0.19272291083566573,0.8072770891643343
meme_out_3,6,Reverse,MEME_OUT_REPORT/images/meme_out_3_motif6_reverse_matrix.png,MEME_OUT_REPORT/images/meme_out_3_motif6_reverse_histogram.png,MEME_OUT_REPORT/images/meme_out_3_motif6_reverse_boot.png,,"[(22, 11), (23, 10), (24, 9), (25, 8)]",4,6.845327792392558,TTCC,GGAA,0.04018392642942823,0.9598160735705717
meme_out_3,7,Reverse,MEME_OUT_REPORT/images/meme_out_3_motif7_reverse_matrix.png,MEME_OUT_REPORT/images/meme_out_3_motif7_reverse_histogram.png,MEME_OUT_REPORT/images/meme_out_3_motif7_reverse_boot.png,,"[(16, 7), (17, 6), (18, 5), (19, 4)]",4,7.160749349893564,TAGA,TCTA,0.027189124350259896,0.9728108756497401
meme_out_3,8,Reverse,MEME_OUT_REPORT/images/meme_out_3_motif8_reverse_matrix.png,MEME_OUT_REPORT/images/meme_out_3_motif8_reverse_histogram.png,MEME_OUT_REPORT/images/meme_out_3_motif8_reverse_boot.png,,"[(11, 10), (12, 9), (13, 8)]",3,4.4372553426253365,TAT,ATA,0.1597361055577769,0.8402638944422232
meme_out_3,9,Direct,MEME_OUT_REPORT/images/meme_out_3_motif9_direct_matrix.png,MEME_OUT_REPORT/images/meme_out_3_motif9_direct_histogram.png,MEME_OUT_REPORT/images/meme_out_3_motif9_direct_boot.png,,"[(10, 0), (11, 1), (12, 2)]",3,5.465295304182453,TTT,TTT,0.429828068772491,0.570171931227509
meme_out_4,1,Reverse,MEME_OUT_REPORT/images/meme_out_4_motif1_reverse_matrix.png,MEME_OUT_REPORT/images/meme_out_4_motif1_reverse_histogram.png,MEME_OUT_REPORT/images/meme_out_4_motif1_reverse_boot.png,,"[(15, 13), (16, 12)]",2,2.4135940749605025,AG,CT,0.07197121151539385,0.9280287884846061
meme_out_4,10,Reverse,MEME_OUT_REPORT/images/meme_out_4_motif10_reverse_matrix.png,MEME_OUT_REPORT/images/meme_out_4_motif10_reverse_histogram.png,MEME_OUT_REPORT/images/meme_out_4_motif10_reverse_boot.png,,"[(15, 14), (16, 13)]",2,3.9161445738487175,TC,GA,0.07217113154738104,0.9278288684526189
meme_out_4,2,Direct,MEME_OUT_REPORT/images/meme_out_4_motif2_direct_matrix.png,MEME_OUT_REPORT/images/meme_out_4_motif2_direct_histogram.png,MEME_OUT_REPORT/images/meme_out_4_motif2_direct_boot.png,,"[(16, 2), (17, 3)]",2,3.7778119039760334,AG,AG,0.3744502199120352,0.6255497800879648
meme_out_4,3,Reverse,MEME_OUT_REPORT/images/meme_out_4_motif3_reverse_matrix.png,MEME_OUT_REPORT/images/meme_out_4_motif3_reverse_histogram.png,MEME_OUT_REPORT/images/meme_out_4_motif3_reverse_boot.png,,"[(21, 4), (22, 3), (23, 2), (24, 1)]",4,6.537295830588036,AAAA,TTTT,0.0009996001599360256,0.999000399840064
meme_out_4,4,Reverse,MEME_OUT_REPORT/images/meme_out_4_motif4_reverse_matrix.png,MEME_OUT_REPORT/images/meme_out_4_motif4_reverse_histogram.png,MEME_OUT_REPORT/images/meme_out_4_motif4_reverse_boot.png,,"[(17, 8), (18, 7), (19, 6), (20, 5)]",4,7.285335884716526,TAGA,TCTA,0.035385845661735305,0.9646141543382647
meme_out_4,5,Reverse,MEME_OUT_REPORT/images/meme_out_4_motif5_reverse_matrix.png,MEME_OUT_REPORT/images/meme_out_4_motif5_reverse_histogram.png,MEME_OUT_REPORT/images/meme_out_4_motif5_reverse_boot.png,,"[(15, 10), (16, 9), (17, 8), (18, 7), (19, 6)]",5,7.216492102057799,GTCAA,TTGAC,0.00019992003198720512,0.9998000799680128
meme_out_4,6,Reverse,MEME_OUT_REPORT/images/meme_out_4_motif6_reverse_matrix.png,MEME_OUT_REPORT/images/meme_out_4_motif6_reverse_histogram.png,MEME_OUT_REPORT/images/meme_out_4_motif6_reverse_boot.png,,"[(14, 6), (15, 5), (16, 4), (17, 3), (18, 2)]",5,6.770608359873292,TGCAC,GTGCA,0.00039984006397441024,0.9996001599360256
meme_out_4,7,Reverse,MEME_OUT_REPORT/images/meme_out_4_motif7_reverse_matrix.png,MEME_OUT_REPORT/images/meme_out_4_motif7_reverse_histogram.png,MEME_OUT_REPORT/images/meme_out_4_motif7_reverse_boot.png,,"[(10, 8), (11, 7)]",2,3.250158479219983,TG,CA,0.043982407037185124,0.9560175929628149
meme_out_4,8,Reverse,MEME_OUT_REPORT/images/meme_out_4_motif8_reverse_matrix.png,MEME_OUT_REPORT/images/meme_out_4_motif8_reverse_histogram.png,MEME_OUT_REPORT/images/meme_out_4_motif8_reverse_boot.png,"[meme_out_4_motif8]: No diagonal candidates were possible at the selected 80% threshold for IMPORTS/meme_out_4/meme.xml, automatically reduced to 55%, at value 0.670149223790289.","[(13, 9), (14, 8)]",2,1.489153931773459,TA,TA,0.5949620151939224,0.40503798480607756
meme_out_4,9,Direct,MEME_OUT_REPORT/images/meme_out_4_motif9_direct_matrix.png,MEME_OUT_REPORT/images/meme_out_4_motif9_direct_histogram.png,MEME_OUT_REPORT/images/meme_out_4_motif9_direct_boot.png,,"[(13, 8), (14, 9)]",2,3.1024628814104975,AA,AA,0.5081967213114754,0.4918032786885246
